RANK,PLAYER,POS,TEAM,BYE,CMP,ATT,CMP%,Y/A,PassingYDS,PassingTD,PassingINT,RushingAttempts,RushingYDS,RushingY/A,RushingTD,ReceivingTargets,ReceivingREC,ReceivingYDS,ReceivingY/R,ReceivingTD,Fumbles,Interceptions,FumbleRecoveries,Sacks,DefensiveTD,PointsAgainst,YardsAgainst,FGM,FGA,XPM,FPTS
1,Patrick Mahomes II,QB,KC,10,405.6,609.8,0.6651361102,7.920629715,4830.00,37.7,11.2,64.9,356.8,5.497688752,3.2,0,0,0,0,0,1.9,0,0,0,0,0,0,0,0,0,383.7
2,Josh Allen,QB,BUF,13,364.1,577,0.6310225303,7.427383016,4285.60,32.1,14.2,116.6,660,5.660377358,6.2,0,0,0,0,0,4.2,0,0,0,0,0,0,0,0,0,380.8
3,Jalen Hurts,QB,PHI,10,317.8,493.6,0.6438411669,7.70623987,3803.80,23.5,10.1,157.7,800.4,5.075459734,11,0,0,0,0,0,2.9,0,0,0,0,0,0,0,0,0,376.3
4,Lamar Jackson,QB,BAL,13,305.9,481.8,0.6349107513,7.241178912,3488.80,25.6,11.6,148,938.4,6.340540541,5.5,0,0,0,0,0,3,0,0,0,0,0,0,0,0,0,350.9
5,Joe Burrow,QB,CIN,7,402,591.3,0.6798579401,7.762387959,4589.90,32.7,12.9,63.8,269.3,4.221003135,3.7,0,0,0,0,0,2.3,0,0,0,0,0,0,0,0,0,346.1
6,Justin Fields,QB,CHI,13,252.7,410.7,0.6152909666,7.128317507,2927.60,20.4,12.9,160.2,1066.00,6.654182272,6.8,0,0,0,0,0,3.5,0,0,0,0,0,0,0,0,0,326.5
7,Justin Herbert,QB,LAC,5,421.4,627.2,0.671875,7.322544643,4592.70,30.1,12.7,57.2,220.9,3.861888112,2,0,0,0,0,0,2,0,0,0,0,0,0,0,0,0,321.5
8,Deshaun Watson,QB,CLE,5,324.1,503.8,0.6433108376,7.642516872,3850.30,24.7,11,97.1,485.8,5.003089598,4.1,0,0,0,0,0,1.8,0,0,0,0,0,0,0,0,0,311.2
9,Dak Prescott,QB,DAL,7,364.3,552.1,0.6598442311,7.463140735,4120.40,29.2,13.8,58.8,251.4,4.275510204,2.4,0,0,0,0,0,3.1,0,0,0,0,0,0,0,0,0,301.2
10,Trevor Lawrence,QB,JAC,9,378.4,578.4,0.6542185339,7.068637621,4088.50,26.9,12.2,62.3,285.3,4.579454254,3.9,0,0,0,0,0,5.2,0,0,0,0,0,0,0,0,0,300.6
11,Kirk Cousins,QB,MIN,13,394.7,592.5,0.6661603376,7.488607595,4437.00,30.4,12.3,31.6,92.1,2.914556962,1.5,0,0,0,0,0,2.8,0,0,0,0,0,0,0,0,0,299.5
12,Geno Smith,QB,SEA,5,371,544.8,0.6809838473,7.440345081,4053.50,27.1,11.3,62.3,324.7,5.21187801,2,0,0,0,0,0,3.5,0,0,0,0,0,0,0,0,0,296.8
13,Daniel Jones,QB,NYG,13,335.4,515.6,0.6505042669,6.732350659,3471.20,20.8,10,109.3,636.5,5.823421775,4.9,0,0,0,0,0,4.1,0,0,0,0,0,0,0,0,0,296.8
14,Aaron Rodgers,QB,NYJ,7,361.9,559.3,0.6470588235,7.260682997,4060.90,28.1,8.7,35.5,121.5,3.422535211,1.5,0,0,0,0,0,2.6,0,0,0,0,0,0,0,0,0,282.2
15,Tua Tagovailoa,QB,MIA,10,350.8,535.8,0.6547219112,7.691302725,4121.00,27.2,12.3,43.1,133.4,3.09512761,1.7,0,0,0,0,0,1.8,0,0,0,0,0,0,0,0,0,280.9
16,Russell Wilson,QB,DEN,9,321.7,510.8,0.6297963978,7.423257635,3791.80,23.9,10.9,63.4,317.3,5.004731861,2.6,0,0,0,0,0,2.1,0,0,0,0,0,0,0,0,0,279.6
17,Jared Goff,QB,DET,9,373.6,568.6,0.6570524094,7.424199789,4221.40,27.6,11,31.2,80.7,2.586538462,1.2,0,0,0,0,0,3.5,0,0,0,0,0,0,0,0,0,276.3
18,Anthony Richardson,QB,IND,11,301.5,488.1,0.6177012907,6.575906577,3209.70,18.1,13.2,135.6,610.6,4.502949853,4.2,0,0,0,0,0,2.3,0,0,0,0,0,0,0,0,0,269.6
19,Derek Carr,QB,NO,11,335.2,510.4,0.6567398119,7.714929467,3937.70,23.7,11.8,34.5,116.7,3.382608696,0.9,0,0,0,0,0,2.6,0,0,0,0,0,0,0,0,0,252.4
20,Matthew Stafford,QB,LAR,10,351.9,529.7,0.6643383047,7.547102133,3997.70,24.5,13.2,29.9,71,2.37458194,0.9,0,0,0,0,0,2.8,0,0,0,0,0,0,0,0,0,251.1
21,Jordan Love,QB,GB,6,344.2,544.1,0.6326043007,7.006432641,3812.20,23.2,14.8,43.5,168.5,3.873563218,1.5,0,0,0,0,0,2.6,0,0,0,0,0,0,0,0,0,250.8
22,Kenny Pickett,QB,PIT,6,316.9,502.2,0.6310234966,6.589804859,3309.40,17.5,12.4,67,421.2,6.286567164,3.6,0,0,0,0,0,1.5,0,0,0,0,0,0,0,0,0,250.6
23,Brock Purdy,QB,SF,9,281.8,431.2,0.6535250464,7.761363636,3346.70,23.7,9.8,36.2,107,2.955801105,2.1,0,0,0,0,0,1.4,0,0,0,0,0,0,0,0,0,239.3
24,Bryce Young,QB,CAR,7,328.1,521.5,0.6291466922,6.973154362,3636.50,20.3,12.7,51.3,201.8,3.933723197,1.6,0,0,0,0,0,2.3,0,0,0,0,0,0,0,0,0,238.9
25,Jimmy Garoppolo,QB,LV,13,321.4,486.3,0.660908904,7.351634793,3575.10,21.5,11.9,30.5,67,2.196721311,1.5,0,0,0,0,0,2.3,0,0,0,0,0,0,0,0,0,228.2
26,Ryan Tannehill,QB,TEN,7,294.2,452.5,0.6501657459,7.22320442,3268.50,19,10.9,41.3,162.7,3.939467312,2.3,0,0,0,0,0,2.1,0,0,0,0,0,0,0,0,0,221.9
27,C.J. Stroud,QB,HOU,7,321,512,0.626953125,6.647070313,3403.30,18.9,14.1,49.4,173.7,3.516194332,1.4,0,0,0,0,0,2.4,0,0,0,0,0,0,0,0,0,218.4
28,Mac Jones,QB,NE,11,323.4,494.2,0.6543909348,6.967422096,3443.30,18.9,13.4,50.8,149.7,2.946850394,1.2,0,0,0,0,0,2.1,0,0,0,0,0,0,0,0,0,217.8
29,Kyler Murray,QB,ARI,14,285.1,432.5,0.6591907514,6.426127168,2779.30,14.2,9.7,80.9,428.1,5.291718171,3,0,0,0,0,0,1.9,0,0,0,0,0,0,0,0,0,215.1
30,Sam Howell,QB,WAS,14,300.8,481.8,0.6243254462,6.397260274,3082.20,17.2,12.5,53.2,220.3,4.140977444,1.8,0,0,0,0,0,2.4,0,0,0,0,0,0,0,0,0,207.2
31,Desmond Ridder,QB,ATL,11,269.6,437.5,0.6162285714,6.656228571,2912.10,16.6,10.2,38.8,169,4.355670103,1.4,0,0,0,0,0,3,0,0,0,0,0,0,0,0,0,191.9
32,Baker Mayfield,QB,TB,5,281.5,458.6,0.6138246838,6.5440471,3001.10,15.9,11.4,34.5,123.9,3.591304348,1.1,0,0,0,0,0,2.1,0,0,0,0,0,0,0,0,0,187.2
33,Jacoby Brissett,QB,WAS,14,111.6,192.2,0.5806451613,6.482310094,1245.90,5.1,3.9,23.5,92.5,3.936170213,0.8,0,0,0,0,0,1.5,0,0,0,0,0,0,0,0,0,77.2
34,Kyle Trask,QB,TB,5,138.2,228.7,0.6042850896,6.030607783,1379.20,6,6.5,18.8,50.5,2.686170213,0.2,0,0,0,0,0,1.2,0,0,0,0,0,0,0,0,0,76.9
35,Colt McCoy,QB,ARI,14,118.2,181.1,0.6526780784,6.98012148,1264.10,4.7,4.7,19.1,63.3,3.314136126,0.5,0,0,0,0,0,1,0,0,0,0,0,0,0,0,0,71.6
36,Will Levis,QB,TEN,7,83.3,134.9,0.6174944403,7.257968866,979.1,4.1,4.5,18.5,61.3,3.313513514,0.3,0,0,0,0,0,0.9,0,0,0,0,0,0,0,0,0,57.2
37,Trey Lance,QB,SF,9,77.8,126.5,0.6150197628,6.343873518,802.5,3.1,3.5,23.1,94.2,4.077922078,0.6,0,0,0,0,0,0.8,0,0,0,0,0,0,0,0,0,52.3
38,Brian Hoyer,QB,LV,13,59.5,98.1,0.6065239551,7.571865443,742.8,4,4,10.4,32.5,3.125,0.2,0,0,0,0,0,0.8,0,0,0,0,0,0,0,0,0,44.7
39,Taylor Heinicke,QB,ATL,11,60.6,99,0.6121212121,7.12020202,704.9,3.8,3.9,18.1,51,2.817679558,0.2,0,0,0,0,0,1.2,0,0,0,0,0,0,0,0,0,43.4
40,Gardner Minshew II,QB,IND,11,50,79.6,0.6281407035,8.75879397,697.2,2.8,2.4,12.7,43.7,3.440944882,0.2,0,0,0,0,0,1.3,0,0,0,0,0,0,0,0,0,39.5
41,Mike White,QB,MIA,10,56.6,94.6,0.5983086681,6.415433404,606.9,2.8,3.7,12.6,20.3,1.611111111,0.1,0,0,0,0,0,0.6,0,0,0,0,0,0,0,0,0,33
42,Bailey Zappe,QB,NE,11,61.3,100.3,0.6111665005,5.970089731,598.8,2.4,3.6,12,22.4,1.866666667,0.1,0,0,0,0,0,1.1,0,0,0,0,0,0,0,0,0,30.8
43,Clayton Tune,QB,ARI,14,64.4,107.3,0.6001863933,5.975768872,641.2,1.1,3.9,16,43.4,2.7125,0.3,0,0,0,0,0,1.1,0,0,0,0,0,0,0,0,0,29.8
44,Sam Darnold,QB,SF,9,59.6,102.7,0.5803310613,4.855890944,498.7,2,3.6,14.4,40,2.777777778,0.1,0,0,0,0,0,1.1,0,0,0,0,0,0,0,0,0,27
45,Davis Mills,QB,HOU,7,51,87.1,0.5855338691,6.040183697,526.1,1.6,4,14.8,32.2,2.175675676,0.2,0,0,0,0,0,0.6,0,0,0,0,0,0,0,0,0,26.8
46,Tyrod Taylor,QB,NYG,13,27.2,42,0.6476190476,6.807142857,285.9,2,1.3,14.3,59.2,4.13986014,0.2,0,0,0,0,0,0.3,0,0,0,0,0,0,0,0,0,24.9
47,Marcus Mariota,QB,PHI,10,34.3,54.6,0.6282051282,5.961538462,325.5,1.6,1.2,15.4,48.8,3.168831169,0.3,0,0,0,0,0,0.4,0,0,0,0,0,0,0,0,0,23.8
48,Mitch Trubisky,QB,PIT,6,40.3,61.1,0.6595744681,6.122749591,374.1,1.6,1.7,9,26.9,2.988888889,0.3,0,0,0,0,0,0.2,0,0,0,0,0,0,0,0,0,23.5
49,Tyler Huntley,QB,BAL,13,32.9,52.6,0.6254752852,5.937262357,312.3,1.4,1.4,19.8,59.4,3,0.2,0,0,0,0,0,0.5,0,0,0,0,0,0,0,0,0,22.8
50,Andy Dalton,QB,CAR,7,39.3,63.3,0.6208530806,6.29699842,398.6,1.9,2.4,7.3,15.3,2.095890411,0.1,0,0,0,0,0,0.4,0,0,0,0,0,0,0,0,0,22.4
51,Jarrett Stidham,QB,DEN,9,34.3,60.3,0.5688225539,5.789386401,349.1,2.2,2.3,5.3,10.9,2.056603774,0.1,0,0,0,0,0,0.4,0,0,0,0,0,0,0,0,0,21.5
52,Brett Rypien,QB,LAR,10,32.4,57.4,0.5644599303,7.505226481,430.8,2,5.6,26.2,27.2,1.038167939,0.1,0,0,0,0,0,0.9,0,0,0,0,0,0,0,0,0,21.2
53,Sean Clifford,QB,GB,6,32.8,53.2,0.6165413534,7.035714286,374.3,1.6,2.6,8.8,20,2.272727273,0.2,0,0,0,0,0,0.6,0,0,0,0,0,0,0,0,0,20.7
54,Hendon Hooker,QB,DET,9,62,105.3,0.5887939221,5.449192783,573.8,0,5.4,20.6,43.1,2.09223301,0.2,0,0,0,0,0,1.6,0,0,0,0,0,0,0,0,0,19.9
55,Teddy Bridgewater,QB,DET,9,35.4,65.3,0.5421133231,5.606431853,366.1,1.2,1.7,5.2,14.7,2.826923077,0.1,0,0,0,0,0,0.2,0,0,0,0,0,0,0,0,0,19.6
56,Blaine Gabbert,QB,KC,10,30.6,51.9,0.5895953757,6.502890173,337.5,1.7,2.6,11.2,21.2,1.892857143,0.1,0,0,0,0,0,0.5,0,0,0,0,0,0,0,0,0,19.3
57,Jameis Winston,QB,NO,11,26.2,38,0.6894736842,8.463157895,321.6,1.5,1.4,4.6,9.4,2.043478261,0.2,0,0,0,0,0,0.2,0,0,0,0,0,0,0,0,0,19.2
58,Trevor Siemian,QB,CIN,7,41.6,68.6,0.6064139942,5.067055394,347.6,1.7,2.7,11.7,17.3,1.478632479,0.1,0,0,0,0,0,0.5,0,0,0,0,0,0,0,0,0,19.1
59,P.J. Walker,QB,CHI,13,43.5,85.7,0.5075845974,4.311551925,369.5,1.5,4,9.9,21.6,2.181818182,0.1,0,0,0,0,0,0.4,0,0,0,0,0,0,0,0,0,18.9
60,Joshua Dobbs,QB,CLE,5,32.5,54.5,0.5963302752,6.16146789,335.8,1.5,2.6,10.7,27.4,2.560747664,0.1,0,0,0,0,0,0.6,0,0,0,0,0,0,0,0,0,18.9
61,Nick Mullens,QB,MIN,13,32.5,43.3,0.7505773672,7.563510393,327.5,1.9,2.1,4.7,8.6,1.829787234,0.1,0,0,0,0,0,0.7,0,0,0,0,0,0,0,0,0,18.7
62,Zach Wilson,QB,NYJ,7,52.5,94.1,0.5579171095,5.025504782,472.9,0.8,5.2,5.4,13.4,2.481481481,0.2,0,0,0,0,0,0.5,0,0,0,0,0,0,0,0,0,18.4
63,Stetson Bennett,QB,LAR,10,43,69.3,0.6204906205,5.145743146,356.6,1.1,1.7,8.8,18.2,2.068181818,0.1,0,0,0,0,0,0.5,0,0,0,0,0,0,0,0,0,18.4
64,Easton Stick,QB,LAC,5,37.8,64.5,0.5860465116,5.306976744,342.3,1.6,3.6,15.2,20.6,1.355263158,0.2,0,0,0,0,0,0.7,0,0,0,0,0,0,0,0,0,18.3
65,Drew Lock,QB,SEA,5,29,53,0.5471698113,6.19245283,328.2,1.6,2.7,6,16.9,2.816666667,0.1,0,0,0,0,0,0.5,0,0,0,0,0,0,0,0,0,18
66,C.J. Beathard,QB,JAC,9,31.3,53.8,0.5817843866,6.13197026,329.9,1.5,2.9,11.3,19.6,1.734513274,0.1,0,0,0,0,0,0.5,0,0,0,0,0,0,0,0,0,17.8
67,Cooper Rush,QB,DAL,7,21.8,35.1,0.6210826211,7.814814815,274.3,1.5,1.3,2.5,5,2,0,0,0,0,0,0,0.1,0,0,0,0,0,0,0,0,0,16.1
68,David Blough,QB,ARI,14,52,87,0.5977011494,3.535632184,307.6,1.2,2,7,12.8,1.828571429,0,0,0,0,0,0,0.5,0,0,0,0,0,0,0,0,0,15.6
69,Kyle Allen,QB,BUF,13,37.9,61.1,0.620294599,6.703764321,409.6,1.2,5.2,10.3,25.6,2.485436893,0.2,0,0,0,0,0,2.3,0,0,0,0,0,0,0,0,0,15
70,Aidan O'Connell,QB,LV,13,38.8,65.4,0.5932721713,4.529051988,296.2,0.5,2.4,11.4,17.8,1.561403509,0.1,0,0,0,0,0,0.6,0,0,0,0,0,0,0,0,0,12.9
71,Matt Barkley,QB,BUF,13,23.5,38.7,0.6072351421,5.547803618,214.7,1,1.2,3.1,4.7,1.516129032,0.1,0,0,0,0,0,0.3,0,0,0,0,0,0,0,0,0,12.3
72,Malik Willis,QB,TEN,7,45.5,79.6,0.5716080402,3.917085427,311.8,0.5,3.4,16.1,22,1.366459627,0,0,0,0,0,0,0.6,0,0,0,0,0,0,0,0,0,12.2
73,Dorian Thompson-Robinson,QB,CLE,5,25.1,42.4,0.5919811321,5.681603774,240.9,0.5,2.5,9.7,21.1,2.175257732,0.1,0,0,0,0,0,0.7,0,0,0,0,0,0,0,0,0,10.4
74,Max Duggan,QB,LAC,5,14,21,0.6666666667,6.857142857,144,1,0,1,3,3,0,0,0,0,0,0,0,0,0,0,0,0,0,0,0,0,10.1
75,Jaren Hall,QB,MIN,13,13,20,0.65,7.05,141,1,0,1,3,3,0,0,0,0,0,0,0,0,0,0,0,0,0,0,0,0,9.9
76,Tanner McKee,QB,PHI,10,10,16,0.625,7.5,120,1,0,1,6,6,0,0,0,0,0,0,0,0,0,0,0,0,0,0,0,0,9.4
77,Skylar Thompson,QB,MIA,10,51.5,90.7,0.5678059537,2.686879824,243.7,0.7,4,26.5,20.4,0.7698113208,0,0,0,0,0,0,0.9,0,0,0,0,0,0,0,0,0,9.1
78,Jake Haener,QB,NO,11,10,15,0.6666666667,7.8,117,1,0,1,4,4,0,0,0,0,0,0,0,0,0,0,0,0,0,0,0,0,9.1
79,Mason Rudolph,QB,PIT,6,34.9,51.2,0.681640625,2.388671875,122.3,0.5,1.2,17.7,14.2,0.802259887,0,0,0,0,0,0,0,0,0,0,0,0,0,0,0,0,7.3
80,Case Keenum,QB,HOU,7,59.1,119.6,0.4941471572,1.884615385,225.4,0.3,1.3,10,0.6,0.06,0,0,0,0,0,0,0.8,0,0,0,0,0,0,0,0,0,7.3
81,Matt Corral,QB,CAR,7,40.2,68.8,0.5843023256,2.867732558,197.3,0.1,2.6,18.4,19.2,1.043478261,0.1,0,0,0,0,0,0.7,0,0,0,0,0,0,0,0,0,6.9
82,Sam Ehlinger,QB,IND,11,11.6,20.8,0.5576923077,4.8125,100.1,1.5,7.1,30.3,44.5,1.468646865,0,0,0,0,0,0,1.6,0,0,0,0,0,0,0,0,0,4.2
83,Shane Buechele,QB,KC,10,0,0,0,0,34,0.1,0.2,0,0.2,0,0,0,0,0,0,0,0,0,0,0,0,0,0,0,0,0,1.7
84,Nate Sudfeld,QB,DET,9,0,0,0,0,26.3,0.1,0.1,0,1.7,0,0,0,0,0,0,0,0,0,0,0,0,0,0,0,0,0,1.5
85,Tommy DeVito,QB,NYG,13,0,0,0,0,23.1,0.1,0.1,0,0.1,0,0,0,0,0,0,0,0,0,0,0,0,0,0,0,0,0,1.3
86,Will Grier,QB,DAL,7,0,0,0,0,9.4,0,0.1,0,0,0,0,0,0,0,0,0,0,0,0,0,0,0,0,0,0,0,0.4
87,Josh Johnson,QB,BAL,13,0,0,0,0,0,0,0,0,0,0,0,0,0,0,0,0,0,0,0,0,0,0,0,0,0,0,0
88,Christian McCaffrey,RB,SF,9,0,0,0,0,0,0,0,218.7,1011.60,4.625514403,7.5,0,74.8,632,8.449197861,4.2,0.5,0,0,0,0,0,0,0,0,0,233.8
89,Austin Ekeler,RB,LAC,5,0,0,0,0,0,0,0,191.4,862.8,4.507836991,9.4,0,77.5,601.1,7.756129032,3.9,1.5,0,0,0,0,0,0,0,0,0,223.3
90,Nick Chubb,RB,CLE,5,0,0,0,0,0,0,0,280.4,1373.80,4.899429387,9.1,0,28.2,234.8,8.326241135,1.1,1.1,0,0,0,0,0,0,0,0,0,219.9
91,Derrick Henry,RB,TEN,7,0,0,0,0,0,0,0,307.8,1346.70,4.375243665,9.4,0,32,271.1,8.471875,0.8,1.8,0,0,0,0,0,0,0,0,0,219.5
92,Josh Jacobs,RB,LV,13,0,0,0,0,0,0,0,263.2,1228.80,4.668693009,9.8,0,39.8,292.7,7.354271357,0.8,1.2,0,0,0,0,0,0,0,0,0,213.4
93,Bijan Robinson,RB,ATL,11,0,0,0,0,0,0,0,247.9,1181.40,4.765631303,8.7,0,40.6,337.4,8.310344828,2.1,1.9,0,0,0,0,0,0,0,0,0,212.7
94,Tony Pollard,RB,DAL,7,0,0,0,0,0,0,0,222.8,1116.50,5.011220826,8.2,0,45.3,378.4,8.353200883,2.2,0.5,0,0,0,0,0,0,0,0,0,210.9
95,Saquon Barkley,RB,NYG,13,0,0,0,0,0,0,0,253.8,1133.90,4.467691095,7.9,0,52.4,373.1,7.120229008,1.7,0.7,0,0,0,0,0,0,0,0,0,206.9
96,Jonathan Taylor,RB,IND,11,0,0,0,0,0,0,0,276.6,1265.20,4.574114244,8.3,0,32.5,229.8,7.070769231,1,2.1,0,0,0,0,0,0,0,0,0,201
97,Joe Mixon,RB,CIN,7,0,0,0,0,0,0,0,228.7,954.9,4.175338872,7.4,0,50,367.3,7.346,2.2,0.6,0,0,0,0,0,0,0,0,0,188.4
98,Aaron Jones,RB,GB,6,0,0,0,0,0,0,0,200.2,987.2,4.931068931,5.6,0,49.8,375.1,7.532128514,2.7,1.3,0,0,0,0,0,0,0,0,0,183
99,Najee Harris,RB,PIT,6,0,0,0,0,0,0,0,263.2,1037.40,3.941489362,6.8,0,39.3,267.4,6.804071247,2.2,1.2,0,0,0,0,0,0,0,0,0,182.5
100,Travis Etienne Jr.,RB,JAC,9,0,0,0,0,0,0,0,218.6,1082.10,4.950137237,6.5,0,35.1,285.7,8.13960114,0.9,2.3,0,0,0,0,0,0,0,0,0,176.4
101,Alexander Mattison,RB,MIN,13,0,0,0,0,0,0,0,215.3,942.5,4.377612634,8.1,0,34.4,235.9,6.85755814,1.6,1,0,0,0,0,0,0,0,0,0,174.3
102,Kenneth Walker III,RB,SEA,5,0,0,0,0,0,0,0,228.7,1040.30,4.548753826,8.2,0,25.9,173.7,6.706563707,0.6,0.4,0,0,0,0,0,0,0,0,0,173.7
103,Rhamondre Stevenson,RB,NE,11,0,0,0,0,0,0,0,208,935.2,4.496153846,5.7,0,50.6,361.6,7.146245059,1.3,1,0,0,0,0,0,0,0,0,0,170
104,James Conner,RB,ARI,14,0,0,0,0,0,0,0,214,913.3,4.267757009,6.8,0,41,297.9,7.265853659,1.3,0.8,0,0,0,0,0,0,0,0,0,168
105,Dameon Pierce,RB,HOU,7,0,0,0,0,0,0,0,255.3,1069.80,4.190364277,5.8,0,32.7,216.2,6.611620795,1.1,2.1,0,0,0,0,0,0,0,0,0,165.7
106,Jahmyr Gibbs,RB,DET,9,0,0,0,0,0,0,0,178.7,783.9,4.386681589,6.6,0,44.5,351.2,7.892134831,2,1.5,0,0,0,0,0,0,0,0,0,161.8
107,Miles Sanders,RB,CAR,7,0,0,0,0,0,0,0,218,1013.60,4.649541284,6.1,0,29.6,208.4,7.040540541,0.8,1.4,0,0,0,0,0,0,0,0,0,160.2
108,Breece Hall,RB,NYJ,7,0,0,0,0,0,0,0,179.2,844.5,4.712611607,5.7,0,35.5,321.5,9.056338028,1.8,1.1,0,0,0,0,0,0,0,0,0,159.4
109,Cam Akers,RB,LAR,10,0,0,0,0,0,0,0,233,985,4.227467811,6.4,0,25.1,206.7,8.235059761,0.7,2.2,0,0,0,0,0,0,0,0,0,157.5
110,J.K. Dobbins,RB,BAL,13,0,0,0,0,0,0,0,173.8,888.7,5.113348677,6.8,0,24,170.4,7.1,1.6,0.4,0,0,0,0,0,0,0,0,0,155.6
111,Isiah Pacheco,RB,KC,10,0,0,0,0,0,0,0,196.7,936.9,4.763091002,6.8,0,24.3,199.7,8.218106996,0.7,1.9,0,0,0,0,0,0,0,0,0,155.2
112,Rachaad White,RB,TB,5,0,0,0,0,0,0,0,205.7,841,4.088478367,4.5,0,48.1,340.9,7.087318087,1.9,2.7,0,0,0,0,0,0,0,0,0,151.6
113,David Montgomery,RB,DET,9,0,0,0,0,0,0,0,194.4,777.2,3.997942387,6.2,0,33.6,278.5,8.288690476,1.2,1,0,0,0,0,0,0,0,0,0,147.8
114,Javonte Williams,RB,DEN,9,0,0,0,0,0,0,0,178.4,821.8,4.606502242,4.9,0,36.9,257.5,6.978319783,1.5,1.6,0,0,0,0,0,0,0,0,0,143.2
115,James Cook,RB,BUF,13,0,0,0,0,0,0,0,160.3,808,5.040548971,4.7,0,35.3,264.2,7.484419263,1.7,1.4,0,0,0,0,0,0,0,0,0,142.9
116,Alvin Kamara,RB,NO,11,0,0,0,0,0,0,0,175.8,724.8,4.122866894,3.8,0,42.5,373.2,8.781176471,1.8,1.1,0,0,0,0,0,0,0,0,0,141.1
117,AJ Dillon,RB,GB,6,0,0,0,0,0,0,0,166.9,728.5,4.364889155,5.6,0,25,198.3,7.932,0.7,0.7,0,0,0,0,0,0,0,0,0,129.5
118,Brian Robinson Jr.,RB,WAS,14,0,0,0,0,0,0,0,209.3,881.3,4.210702341,4.3,0,16.2,105,6.481481481,0.7,0.5,0,0,0,0,0,0,0,0,0,127.9
119,Khalil Herbert,RB,CHI,13,0,0,0,0,0,0,0,163.9,812.9,4.959731544,4.8,0,20.2,135.1,6.688118812,0.8,0.4,0,0,0,0,0,0,0,0,0,127.5
120,D'Andre Swift,RB,PHI,10,0,0,0,0,0,0,0,118,554.5,4.699152542,4.8,0,39.9,328.4,8.230576441,1.8,0.8,0,0,0,0,0,0,0,0,0,125.9
121,Dalvin Cook,RB,NYJ,7,0,0,0,0,0,0,0,175.7,728.7,4.147410359,4.4,0,27.2,202.7,7.452205882,1,1.5,0,0,0,0,0,0,0,0,0,122.5
122,Samaje Perine,RB,DEN,9,0,0,0,0,0,0,0,152,636.3,4.186184211,3.9,0,28.8,232.6,8.076388889,1.5,0.4,0,0,0,0,0,0,0,0,0,118.3
123,Antonio Gibson,RB,WAS,14,0,0,0,0,0,0,0,139.1,558.9,4.017972682,3.6,0,42.6,309.7,7.269953052,1.4,1.1,0,0,0,0,0,0,0,0,0,115.1
124,Rashaad Penny,RB,PHI,10,0,0,0,0,0,0,0,158,760.8,4.815189873,5.2,0,8.3,56.4,6.795180723,0.2,0.7,0,0,0,0,0,0,0,0,0,112.9
125,Jeff Wilson Jr.,RB,MIA,10,0,0,0,0,0,0,0,134.7,626.2,4.648849295,4.4,0,22.1,169.9,7.687782805,1.1,1.3,0,0,0,0,0,0,0,0,0,109.7
126,Jamaal Williams,RB,NO,11,0,0,0,0,0,0,0,160.7,658.6,4.098319851,5.3,0,14.1,105.4,7.475177305,0.5,0.7,0,0,0,0,0,0,0,0,0,109.5
127,Elijah Mitchell,RB,SF,9,0,0,0,0,0,0,0,140.7,639.6,4.545842217,4.1,0,13.1,94.8,7.236641221,0.8,0.3,0,0,0,0,0,0,0,0,0,102.1
128,Tyler Allgeier,RB,ATL,11,0,0,0,0,0,0,0,148.4,689.2,4.644204852,3.4,0,11.8,90.9,7.703389831,0.5,0.3,0,0,0,0,0,0,0,0,0,100.6
129,Raheem Mostert,RB,MIA,10,0,0,0,0,0,0,0,134.7,598.5,4.443207127,3.3,0,22.5,160.4,7.128888889,0.9,0.8,0,0,0,0,0,0,0,0,0,99.4
130,Zach Charbonnet,RB,SEA,5,0,0,0,0,0,0,0,125.4,540.6,4.311004785,3.5,0,23.6,188.1,7.970338983,0.8,1,0,0,0,0,0,0,0,0,0,96.6
131,Ezekiel Elliott,RB,NE,11,0,0,0,0,0,0,0,142,551.4,3.883098592,4.2,0,15.7,115.8,7.375796178,0.5,0.8,0,0,0,0,0,0,0,0,0,93.1
132,Damien Harris,RB,BUF,13,0,0,0,0,0,0,0,123.1,548.8,4.458164094,3.9,0,16.9,116.1,6.869822485,0.4,0.7,0,0,0,0,0,0,0,0,0,90.9
133,D'Onta Foreman,RB,CHI,13,0,0,0,0,0,0,0,133.1,654.6,4.918106687,3.3,0,7,51.7,7.385714286,0.2,0.6,0,0,0,0,0,0,0,0,0,90.7
134,Chuba Hubbard,RB,CAR,7,0,0,0,0,0,0,0,112.1,524.3,4.677074041,3.1,0,17.6,155.2,8.818181818,0.5,0.7,0,0,0,0,0,0,0,0,0,88.1
135,Devin Singletary,RB,HOU,7,0,0,0,0,0,0,0,127.7,540.6,4.233359436,2.8,0,24.4,173.9,7.12704918,0.4,1.2,0,0,0,0,0,0,0,0,0,87.9
136,De'Von Achane,RB,MIA,10,0,0,0,0,0,0,0,119.1,475.7,3.994122586,3,0,21.9,183.3,8.369863014,0.9,0.9,0,0,0,0,0,0,0,0,0,87.1
137,Jaylen Warren,RB,PIT,6,0,0,0,0,0,0,0,107.4,482.7,4.494413408,2.6,0,23.8,202.2,8.495798319,0.4,0.4,0,0,0,0,0,0,0,0,0,86.1
138,Kenneth Gainwell,RB,PHI,10,0,0,0,0,0,0,0,90.7,398.9,4.398015436,3.8,0,22.1,171.6,7.764705882,0.7,0.3,0,0,0,0,0,0,0,0,0,83.6
139,Jerick McKinnon,RB,KC,10,0,0,0,0,0,0,0,57,222.6,3.905263158,1.6,0,38.4,328.8,8.5625,3,0.2,0,0,0,0,0,0,0,0,0,82.6
140,Gus Edwards,RB,BAL,13,0,0,0,0,0,0,0,119.5,564,4.719665272,3.2,0,6.8,58.7,8.632352941,0.2,0.9,0,0,0,0,0,0,0,0,0,80.4
141,Tank Bigsby,RB,JAC,9,0,0,0,0,0,0,0,108.5,434.8,4.007373272,2.7,0,17.9,142.3,7.94972067,0.7,0.9,0,0,0,0,0,0,0,0,0,76.7
142,Roschon Johnson,RB,CHI,13,0,0,0,0,0,0,0,97.6,440.5,4.513319672,2.3,0,10.5,109.2,10.4,0.6,1,0,0,0,0,0,0,0,0,0,70.3
143,Chase Edmonds,RB,TB,5,0,0,0,0,0,0,0,81.6,358.3,4.390931373,1.8,0,20.2,162.3,8.034653465,0.8,0.4,0,0,0,0,0,0,0,0,0,66.7
144,Cordarrelle Patterson,RB,ATL,11,0,0,0,0,0,0,0,72.5,309.1,4.263448276,2.4,0,19.5,158.6,8.133333333,0.8,0.2,0,0,0,0,0,0,0,0,0,65.5
145,Joshua Kelley,RB,LAC,5,0,0,0,0,0,0,0,93.1,380.6,4.088077336,2.3,0,13.6,115.7,8.507352941,0.3,1.2,0,0,0,0,0,0,0,0,0,62.7
146,Clyde Edwards-Helaire,RB,KC,10,0,0,0,0,0,0,0,77.3,325.1,4.205692109,2.1,0,13.2,115.2,8.727272727,0.9,0.3,0,0,0,0,0,0,0,0,0,61.8
147,Tyjae Spears,RB,TEN,7,0,0,0,0,0,0,0,90.7,357,3.936052922,1.9,0,15.3,128.1,8.37254902,0.6,0.8,0,0,0,0,0,0,0,0,0,61.5
148,Ty Chandler,RB,MIN,13,0,0,0,0,0,0,0,89.2,328.1,3.678251121,2,0,13.8,114.6,8.304347826,0.6,0.7,0,0,0,0,0,0,0,0,0,58.2
149,Jerome Ford,RB,CLE,5,0,0,0,0,0,0,0,96.1,353,3.673257024,1.7,0,10.5,101.5,9.666666667,0.5,0.6,0,0,0,0,0,0,0,0,0,57.8
150,Kyren Williams,RB,LAR,10,0,0,0,0,0,0,0,82.9,339,4.089264174,1.4,0,16.3,130.8,8.024539877,0.4,0.5,0,0,0,0,0,0,0,0,0,56.5
151,Chase Brown,RB,CIN,7,0,0,0,0,0,0,0,70.5,287.4,4.076595745,1.7,0,16.9,138.8,8.213017751,0.6,0.8,0,0,0,0,0,0,0,0,0,54.9
152,Kendre Miller,RB,NO,11,0,0,0,0,0,0,0,84.3,301.4,3.575326216,1.6,0,11.4,112.4,9.859649123,0.5,0.8,0,0,0,0,0,0,0,0,0,52.3
153,Keaontay Ingram,RB,ARI,14,0,0,0,0,0,0,0,72.6,297,4.090909091,1.8,0,13.7,93.5,6.824817518,0.3,0.4,0,0,0,0,0,0,0,0,0,50.6
154,Israel Abanikanda,RB,NYJ,7,0,0,0,0,0,0,0,94.3,352.4,3.737009544,0.3,0,0,130.8,0,0.1,0.5,0,0,0,0,0,0,0,0,0,49.7
155,Latavius Murray,RB,BUF,13,0,0,0,0,0,0,0,62.7,293.1,4.674641148,1.7,0,10.3,75.1,7.291262136,0.2,0,0,0,0,0,0,0,0,0,0,48
156,Matt Breida,RB,NYG,13,0,0,0,0,0,0,0,61.1,274.1,4.48608838,1.2,0,12.9,106.5,8.255813953,0.3,0.9,0,0,0,0,0,0,0,0,0,45.6
157,Ronald Jones II,RB,DAL,7,0,0,0,0,0,0,0,63.1,299.1,4.740095087,1.8,0,4.4,41.4,9.409090909,0.1,0.5,0,0,0,0,0,0,0,0,0,44.9
158,Isaiah Spiller,RB,LAC,5,0,0,0,0,0,0,0,70.5,274.3,3.890780142,1.2,0,9.5,82.1,8.642105263,0.3,0.3,0,0,0,0,0,0,0,0,0,44.1
159,Zamir White,RB,LV,13,0,0,0,0,0,0,0,59.4,253,4.259259259,1.9,0,10.4,48.6,4.673076923,0.3,0.2,0,0,0,0,0,0,0,0,0,43.1
160,Zack Moss,RB,IND,11,0,0,0,0,0,0,0,64.6,286.2,4.430340557,1.2,0,9.2,61.2,6.652173913,0.2,0.5,0,0,0,0,0,0,0,0,0,42.3
161,Zach Evans,RB,LAR,10,0,0,0,0,0,0,0,62.1,235.4,3.790660225,1.3,0,9.8,91.4,9.326530612,0.4,0.5,0,0,0,0,0,0,0,0,0,42.1
162,Deuce Vaughn,RB,DAL,7,0,0,0,0,0,0,0,67.6,229.4,3.393491124,1.3,0,10.9,91.4,8.385321101,0.5,0.7,0,0,0,0,0,0,0,0,0,41.4
163,Kenyan Drake,RB,IND,11,0,0,0,0,0,0,0,55.2,231.3,4.190217391,1.2,0,13,98.4,7.569230769,0.2,0.2,0,0,0,0,0,0,0,0,0,41.1
164,Abram Smith,RB,MIN,13,0,0,0,0,0,0,0,0,173.4,0,1.2,0,16.2,126.5,7.808641975,0.6,0.1,0,0,0,0,0,0,0,0,0,40.7
165,Corey Clement,RB,ARI,14,0,0,0,0,0,0,0,56.4,205.1,3.636524823,1.7,0,11.8,80.7,6.838983051,0.2,0.4,0,0,0,0,0,0,0,0,0,38.9
166,Eric Gray,RB,NYG,13,0,0,0,0,0,0,0,50,212.6,4.252,1.1,0,8.5,71.6,8.423529412,0.4,0.8,0,0,0,0,0,0,0,0,0,36
167,JaMycal Hasty,RB,JAC,9,0,0,0,0,0,0,0,36.9,180.2,4.883468835,1,0,12.9,95.6,7.410852713,0.4,0.2,0,0,0,0,0,0,0,0,0,35.5
168,Ke'Shawn Vaughn,RB,TB,5,0,0,0,0,0,0,0,55.1,217.3,3.943738657,1.3,0,6.9,45.2,6.550724638,0.2,0.6,0,0,0,0,0,0,0,0,0,33.8
169,Michael Carter,RB,NYJ,7,0,0,0,0,0,0,0,42.1,157.4,3.73871734,0.6,0,11.8,119.4,10.11864407,0.3,0.3,0,0,0,0,0,0,0,0,0,32.6
170,Jordan Mason,RB,SF,9,0,0,0,0,0,0,0,51.7,233.6,4.518375242,0.9,0,2.9,33,11.37931034,0.1,0.2,0,0,0,0,0,0,0,0,0,32.2
171,Melvin Gordon III,RB,BAL,13,0,0,0,0,0,0,0,39.8,178.7,4.489949749,0.9,0,10.5,83.4,7.942857143,0.3,0.8,0,0,0,0,0,0,0,0,0,31.6
172,Pierre Strong Jr.,RB,NE,11,0,0,0,0,0,0,0,45.8,187.5,4.093886463,0.7,0,5.2,63.4,12.19230769,0.2,0.2,0,0,0,0,0,0,0,0,0,29.8
173,Ameer Abdullah,RB,LV,13,0,0,0,0,0,0,0,28.1,97.1,3.455516014,0.4,0,18.4,140.5,7.635869565,0.6,0.1,0,0,0,0,0,0,0,0,0,29.4
174,Trayveon Williams,RB,CIN,7,0,0,0,0,0,0,0,52.4,192.6,3.675572519,0.7,0,8,61.2,7.65,0.2,0.9,0,0,0,0,0,0,0,0,0,29.3
175,Hassan Haskins,RB,TEN,7,0,0,0,0,0,0,0,39.7,152.3,3.83627204,0.5,0,12.9,89.6,6.945736434,0.4,0.2,0,0,0,0,0,0,0,0,0,29.1
176,Chris Rodriguez Jr.,RB,WAS,14,0,0,0,0,0,0,0,39.1,164,4.194373402,0.8,0,8.7,60.4,6.942528736,0.2,0.2,0,0,0,0,0,0,0,0,0,28
177,Raheem Blackshear,RB,CAR,7,0,0,0,0,0,0,0,31.5,118.3,3.755555556,1.2,0,10.9,81.2,7.449541284,0.3,0.4,0,0,0,0,0,0,0,0,0,27.8
178,Evan Hull,RB,IND,11,0,0,0,0,0,0,0,46.1,177.2,3.843817787,0.6,0,5.2,62.2,11.96153846,0.1,0.2,0,0,0,0,0,0,0,0,0,27.8
179,Rico Dowdle,RB,DAL,7,0,0,0,0,0,0,0,46.3,161.2,3.481641469,0.8,0,6.4,52.3,8.171875,0.2,0.1,0,0,0,0,0,0,0,0,0,27.4
180,Malik Davis,RB,DAL,7,0,0,0,0,0,0,0,50.3,170.8,3.395626243,0.9,0,3.7,45.2,12.21621622,0.1,0.2,0,0,0,0,0,0,0,0,0,27.2
181,Sean Tucker,RB,TB,5,0,0,0,0,0,0,0,44.3,171.1,3.862302483,0.6,0,6.3,60.9,9.666666667,0.2,0.3,0,0,0,0,0,0,0,0,0,27.1
182,Kene Nwangwu,RB,MIN,13,0,0,0,0,0,0,0,44.7,153.1,3.425055928,0.9,0,7.3,50.8,6.95890411,0.2,0.2,0,0,0,0,0,0,0,0,0,26.6
183,DeWayne McBride,RB,MIN,13,0,0,0,0,0,0,0,56.8,169.5,2.98415493,0.7,0,3.4,52.2,15.35294118,0.1,0.2,0,0,0,0,0,0,0,0,0,26.3
184,DeeJay Dallas,RB,SEA,5,0,0,0,0,0,0,0,19.8,121.9,6.156565657,0.6,0,9.7,81.3,8.381443299,0.3,0.1,0,0,0,0,0,0,0,0,0,25.2
185,Deon Jackson,RB,IND,11,0,0,0,0,0,0,0,39.5,106.3,2.691139241,0.4,0,17.9,109.1,6.094972067,0.5,0.8,0,0,0,0,0,0,0,0,0,25
186,Chris Evans,RB,CIN,7,0,0,0,0,0,0,0,36.4,128.1,3.519230769,0.5,0,9.9,75.4,7.616161616,0.3,0.2,0,0,0,0,0,0,0,0,0,24.8
187,Craig Reynolds,RB,DET,9,0,0,0,0,0,0,0,24,115.8,4.825,0.6,0,8.9,74.2,8.337078652,0.3,0.1,0,0,0,0,0,0,0,0,0,24.8
188,Boston Scott,RB,PHI,10,0,0,0,0,0,0,0,31.2,143.8,4.608974359,1.1,0,3.6,36,10,0.1,0.2,0,0,0,0,0,0,0,0,0,24.6
189,Sincere McCormick,RB,LV,13,0,0,0,0,0,0,0,30,136,4.533333333,1,0,4,39,9.75,0,0,0,0,0,0,0,0,0,0,0,23.5
190,Anthony McFarland Jr.,RB,PIT,6,0,0,0,0,0,0,0,23.2,133.9,5.771551724,0.6,0,8.2,52.6,6.414634146,0.2,0.1,0,0,0,0,0,0,0,0,0,23.4
191,Zonovan Knight,RB,NYJ,7,0,0,0,0,0,0,0,35.4,148,4.18079096,0.5,0,5.7,51.5,9.035087719,0.2,0.2,0,0,0,0,0,0,0,0,0,23.3
192,Kenny McIntosh,RB,SEA,5,0,0,0,0,0,0,0,49,164.8,3.363265306,0,0,0,61.1,0,0,0.3,0,0,0,0,0,0,0,0,0,22
193,Ty Montgomery,RB,NE,11,0,0,0,0,0,0,0,22.4,64.5,2.879464286,0.2,0,14.4,101.9,7.076388889,0.5,0,0,0,0,0,0,0,0,0,0,20.9
194,D'Ernest Johnson,RB,JAC,9,0,0,0,0,0,0,0,32.3,134,4.148606811,0.4,0,4.7,39.9,8.489361702,0.1,0,0,0,0,0,0,0,0,0,0,20.5
195,Travis Homer,RB,CHI,13,0,0,0,0,0,0,0,18.5,95.7,5.172972973,0.3,0,8.3,74.9,9.024096386,0.2,0.1,0,0,0,0,0,0,0,0,0,20
196,Deneric Prince,RB,KC,10,0,0,0,0,0,0,0,31.4,117.5,3.742038217,0.5,0,5.4,46.9,8.685185185,0.2,0.2,0,0,0,0,0,0,0,0,0,20
197,Patrick Taylor Jr.,RB,GB,6,0,0,0,0,0,0,0,23.3,109.2,4.686695279,0.7,0,6.1,36.8,6.032786885,0.2,0.1,0,0,0,0,0,0,0,0,0,19.9
198,Kyle Juszczyk,RB,SF,9,0,0,0,0,0,0,0,8.9,30.4,3.415730337,0.4,0,13,107.9,8.3,0.6,0,0,0,0,0,0,0,0,0,0,19.8
199,Kevin Harris,RB,NE,11,0,0,0,0,0,0,0,32.8,128.9,3.929878049,0.5,0,3.1,32.7,10.5483871,0.1,0.1,0,0,0,0,0,0,0,0,0,19.5
200,Gary Brightwell,RB,NYG,13,0,0,0,0,0,0,0,22.6,110.7,4.898230088,0.8,0,5,30.8,6.16,0.1,0.1,0,0,0,0,0,0,0,0,0,19.3
201,James Robinson,RB,NYG,13,0,0,0,0,0,0,0,44,139.6,3.172727273,0.2,0,4,44.5,11.125,0.1,0.4,0,0,0,0,0,0,0,0,0,19.2
202,Darrel Williams,RB,NO,11,0,0,0,0,0,0,0,36.7,117.1,3.190735695,0,0,0,72.6,0,0,0.2,0,0,0,0,0,0,0,0,0,18.6
203,Tyler Badie,RB,DEN,9,0,0,0,0,0,0,0,17.2,88.7,5.156976744,0.4,0,9.5,56.7,5.968421053,0.2,0.1,0,0,0,0,0,0,0,0,0,18.2
204,Demetric Felton Jr.,RB,CLE,5,0,0,0,0,0,0,0,20.2,79.4,3.930693069,0.2,0,10.1,70.1,6.940594059,0.2,0.1,0,0,0,0,0,0,0,0,0,17.5
205,Tony Jones Jr.,RB,DEN,9,0,0,0,0,0,0,0,25.5,96.2,3.77254902,0.5,0,6,38.7,6.45,0.2,0.1,0,0,0,0,0,0,0,0,0,17.4
206,Dare Ogunbowale,RB,HOU,7,0,0,0,0,0,0,0,16.9,75,4.437869822,0.5,0,9.4,59.3,6.308510638,0.2,0.1,0,0,0,0,0,0,0,0,0,17.3
207,John Kelly Jr.,RB,CLE,5,0,0,0,0,0,0,0,19,81.5,4.289473684,0.5,0,5.8,43.3,7.465517241,0.3,0.2,0,0,0,0,0,0,0,0,0,16.8
208,Tyrion Davis-Price,RB,SF,9,0,0,0,0,0,0,0,35.5,107.8,3.036619718,0.4,0,2.5,33.6,13.44,0.1,0.2,0,0,0,0,0,0,0,0,0,16.6
209,Keaton Mitchell,RB,BAL,13,0,0,0,0,0,0,0,38,123.7,3.255263158,0,0,0,45.9,0,0,0.2,0,0,0,0,0,0,0,0,0,16.6
210,Damien Williams,RB,LV,13,0,0,0,0,0,0,0,22.9,70.7,3.087336245,0.5,0,7,34.1,4.871428571,0.5,0.1,0,0,0,0,0,0,0,0,0,16.4
211,Salvon Ahmed,RB,MIA,10,0,0,0,0,0,0,0,31.7,97.1,3.063091483,0.1,0,4.3,52.1,12.11627907,0.1,0,0,0,0,0,0,0,0,0,0,15.9
212,Myles Gaskin,RB,MIA,10,0,0,0,0,0,0,0,32.4,98.1,3.027777778,0.1,0,4.4,56.2,12.77272727,0.1,0.4,0,0,0,0,0,0,0,0,0,15.7
213,Lew Nichols III,RB,GB,6,0,0,0,0,0,0,0,24,97,4.041666667,0.5,0,4,25.4,6.35,0,0.1,0,0,0,0,0,0,0,0,0,15.1
214,Brandon Bolden,RB,LV,13,0,0,0,0,0,0,0,19.8,66.6,3.363636364,0.5,0,5.1,45,8.823529412,0.2,0.1,0,0,0,0,0,0,0,0,0,14.9
215,Elijah Dotson,RB,LAC,5,0,0,0,0,0,0,0,15.7,65.8,4.191082803,0.6,0,4.5,32,7.111111111,0.2,0.1,0,0,0,0,0,0,0,0,0,14.1
216,Justice Hill,RB,BAL,13,0,0,0,0,0,0,0,18.5,79,4.27027027,0.3,0,6.4,39.7,6.203125,0.2,0.2,0,0,0,0,0,0,0,0,0,14
217,J.J. Taylor,RB,NE,11,0,0,0,0,0,0,0,4.4,67.7,15.38636364,0.5,0,4.3,29.1,6.76744186,0.2,0.1,0,0,0,0,0,0,0,0,0,13.6
218,Ty'Son Williams,RB,ARI,14,0,0,0,0,0,0,0,19.8,73.5,3.712121212,0.5,0,3.7,26,7.027027027,0.1,0,0,0,0,0,0,0,0,0,0,13.2
219,Kirk Merritt,RB,NO,11,0,0,0,0,0,0,0,9.1,38.7,4.252747253,0.3,0,7.4,58.1,7.851351351,0.3,0.1,0,0,0,0,0,0,0,0,0,13.1
220,Snoop Conner,RB,JAC,9,0,0,0,0,0,0,0,21.7,70.4,3.244239631,0.6,0,2.7,20.2,7.481481481,0.1,0,0,0,0,0,0,0,0,0,0,13
221,Reggie Gilliam,RB,BUF,13,0,0,0,0,0,0,0,4.4,18.5,4.204545455,0.2,0,9,65.9,7.322222222,0.5,0,0,0,0,0,0,0,0,0,0,12.5
222,Jonathan Williams,RB,WAS,14,0,0,0,0,0,0,0,26.8,75.3,2.809701493,0.4,0,3.4,20.8,6.117647059,0.1,0.1,0,0,0,0,0,0,0,0,0,12.2
223,Brittain Brown,RB,LV,13,0,0,0,0,0,0,0,15.5,63.7,4.109677419,0.4,0,4.1,26.8,6.536585366,0.1,0.1,0,0,0,0,0,0,0,0,0,11.6
224,Mike Boone,RB,HOU,7,0,0,0,0,0,0,0,21,70.2,3.342857143,0.2,0,2.8,26.5,9.464285714,0.1,0,0,0,0,0,0,0,0,0,0,11.5
225,Royce Freeman,RB,LAR,10,0,0,0,0,0,0,0,12.8,67.8,5.296875,0.3,0,4.2,26.6,6.333333333,0.1,0.1,0,0,0,0,0,0,0,0,0,11.4
226,Alec Ingold,RB,MIA,10,0,0,0,0,0,0,0,5,13.2,2.64,0.1,0,10.3,70.3,6.825242718,0.4,0,0,0,0,0,0,0,0,0,0,11.1
227,Darrynton Evans,RB,BUF,13,0,0,0,0,0,0,0,13.5,46,3.407407407,0.1,0,9,43.3,4.811111111,0.3,0.1,0,0,0,0,0,0,0,0,0,10.8
228,Zander Horvath,RB,LAC,5,0,0,0,0,0,0,0,6.1,14.3,2.344262295,0,0,5.5,25.1,4.563636364,1.1,0,0,0,0,0,0,0,0,0,0,10.7
229,Trey Sermon,RB,PHI,10,0,0,0,0,0,0,0,18.9,64.1,3.391534392,0.1,0,3.8,31.5,8.289473684,0.1,0.2,0,0,0,0,0,0,0,0,0,10.2
230,Jaleel McLaughlin,RB,DEN,9,0,0,0,0,0,0,0,16.5,57.4,3.478787879,0.2,0,3.8,25.8,6.789473684,0.1,0.1,0,0,0,0,0,0,0,0,0,9.9
231,Julius Chestnut,RB,TEN,7,0,0,0,0,0,0,0,12.7,44.9,3.535433071,0.1,0,5.7,37.3,6.543859649,0.2,0.1,0,0,0,0,0,0,0,0,0,9.7
232,C.J. Ham,RB,MIN,13,0,0,0,0,0,0,0,5.9,16.9,2.86440678,0.1,0,8,45.6,5.7,0.3,0,0,0,0,0,0,0,0,0,0,8.8
233,Trestan Ebner,RB,CHI,13,0,0,0,0,0,0,0,16.2,54.5,3.364197531,0.1,0,3,25,8.333333333,0.1,0.1,0,0,0,0,0,0,0,0,0,8.8
234,La'Mical Perine,RB,KC,10,0,0,0,0,0,0,0,4.2,17.6,4.19047619,0.2,0,5,35.6,7.12,0.3,0,0,0,0,0,0,0,0,0,0,8.4
235,Jermar Jefferson,RB,DET,9,0,0,0,0,0,0,0,4.6,19.4,4.217391304,0.2,0,4.4,34.4,7.818181818,0.3,0,0,0,0,0,0,0,0,0,0,8.1
236,Jake Funk,RB,IND,11,0,0,0,0,0,0,0,8.4,35.3,4.202380952,0.2,0,3.5,24.8,7.085714286,0.2,0,0,0,0,0,0,0,0,0,0,8.1
237,Hunter Luepke,RB,DAL,7,0,0,0,0,0,0,0,0,23.2,0,0.3,0,4.8,24.9,5.1875,0.3,0,0,0,0,0,0,0,0,0,0,7.9
238,Godwin Igwebuike,RB,ATL,11,0,0,0,0,0,0,0,0,7.8,0,0.1,0,6.6,47.3,7.166666667,0.2,0,0,0,0,0,0,0,0,0,0,7.4
239,Ronnie Rivers,RB,LAR,10,0,0,0,0,0,0,0,12.8,41.9,3.2734375,0,0,4.1,26.7,6.512195122,0.1,0.1,0,0,0,0,0,0,0,0,0,7.4
240,Patrick Ricard,RB,BAL,13,0,0,0,0,0,0,0,5.8,16.6,2.862068966,0.1,0,7.1,43,6.056338028,0.3,0.4,0,0,0,0,0,0,0,0,0,7.4
241,Jonathan Ward,RB,TEN,7,0,0,0,0,0,0,0,10.1,42.8,4.237623762,0.2,0,1.9,14,7.368421053,0.1,0,0,0,0,0,0,0,0,0,0,7.4
242,Qadree Ollison,RB,JAC,9,0,0,0,0,0,0,0,4.5,18.8,4.177777778,0.2,0,4.5,32.1,7.133333333,0.2,0,0,0,0,0,0,0,0,0,0,7.2
243,Giovanni Ricci,RB,CAR,7,0,0,0,0,0,0,0,4.7,19.6,4.170212766,0.2,0,4.1,30,7.317073171,0.2,0,0,0,0,0,0,0,0,0,0,7
244,Patrick Laird,RB,TB,5,0,0,0,0,0,0,0,4.3,18,4.186046512,0.2,0,4.4,31.7,7.204545455,0.2,0,0,0,0,0,0,0,0,0,0,6.9
245,Spencer Brown,RB,CAR,7,0,0,0,0,0,0,0,4.7,19.7,4.191489362,0.2,0,4.1,28.6,6.975609756,0.2,0,0,0,0,0,0,0,0,0,0,6.9
246,Jason Cabinda,RB,DET,9,0,0,0,0,0,0,0,4.6,12.5,2.717391304,0.1,0,4.4,33.2,7.545454545,0.3,0,0,0,0,0,0,0,0,0,0,6.9
247,Jaret Patterson,RB,WAS,14,0,0,0,0,0,0,0,10.1,33.6,3.326732673,0.2,0,2.4,16.2,6.75,0.1,0,0,0,0,0,0,0,0,0,0,6.8
248,Nate McCrary,RB,GB,6,0,0,0,0,0,0,0,5.4,22.6,4.185185185,0.1,0,3.8,28.5,7.5,0.2,0,0,0,0,0,0,0,0,0,0,6.8
249,Avery Williams,RB,ATL,11,0,0,0,0,0,0,0,5.4,23.1,4.277777778,0.2,0,3.4,22.1,6.5,0.2,0,0,0,0,0,0,0,0,0,0,6.6
250,Larry Rountree III,RB,HOU,7,0,0,0,0,0,0,0,4.3,17.6,4.093023256,0,0,4.8,36,7.5,0.2,0,0,0,0,0,0,0,0,0,0,6.4
251,Gerrid Doaks,RB,HOU,7,0,0,0,0,0,0,0,4.7,19.7,4.191489362,0.1,0,4,27.8,6.95,0.2,0,0,0,0,0,0,0,0,0,0,6.3
252,Michael Burton,RB,DEN,9,0,0,0,0,0,0,0,4.7,12.1,2.574468085,0.1,0,3.3,19.2,5.818181818,0.2,0,0,0,0,0,0,0,0,0,0,5
253,Adam Prentice,RB,NO,11,0,0,0,0,0,0,0,0,12.1,0,0.1,0,4,19.1,4.775,0.2,0,0,0,0,0,0,0,0,0,0,4.9
254,Henry Pearson,RB,GB,6,0,0,0,0,0,0,0,0,13.1,0,0.1,0,3.7,16.4,4.432432432,0.2,0,0,0,0,0,0,0,0,0,0,4.9
255,Jason Huntley,RB,IND,11,0,0,0,0,0,0,0,5,14.6,2.92,0.1,0,2.2,17.5,7.954545455,0.1,0,0,0,0,0,0,0,0,0,0,4.4
256,Khari Blasingame,RB,CHI,13,0,0,0,0,0,0,0,5.7,13.5,2.368421053,0.1,0,2.7,12.3,4.555555556,0.1,0,0,0,0,0,0,0,0,0,0,4
257,Jack Colletto,RB,SF,9,0,0,0,0,0,0,0,0,7.3,0,0.1,0,3.6,16.3,4.527777778,0.2,0,0,0,0,0,0,0,0,0,0,3.9
258,Keith Smith,RB,ATL,11,0,0,0,0,0,0,0,5.4,12.4,2.296296296,0.1,0,2.8,11.4,4.071428571,0.1,0,0,0,0,0,0,0,0,0,0,3.8
259,Jakob Johnson,RB,LV,13,0,0,0,0,0,0,0,0,2,0,0,0,4.5,16,3.555555556,0.2,0,0,0,0,0,0,0,0,0,0,2.9
260,Ellis Merriweather,RB,NO,11,0,0,0,0,0,0,0,0,10.2,0,0.1,0,0.5,3.7,7.4,0,0,0,0,0,0,0,0,0,0,0,2
261,Tyler Goodson,RB,GB,6,0,0,0,0,0,0,0,0,10.2,0,0.1,0,0.5,2.6,5.2,0,0,0,0,0,0,0,0,0,0,0,1.9
262,Dwayne Washington,RB,DEN,9,0,0,0,0,0,0,0,0,3.6,0,0,0,0.5,4.4,8.8,0,0,0,0,0,0,0,0,0,0,0,0.9
263,Clint Ratkovich,RB,ATL,11,0,0,0,0,0,0,0,0,0,0,0,0,0.2,1.4,7,0,0,0,0,0,0,0,0,0,0,0,0.1
264,Nick Bellore,RB,SEA,5,0,0,0,0,0,0,0,0,0,0,0,0,0,0,0,0,0,0,0,0,0,0,0,0,0,0,0
265,Justin Jefferson,WR,MIN,13,0,0,0,0,0,0,0,3.7,19,5.135135135,0.3,0,110.9,1523.90,13.7412083,8.1,0.3,0,0,0,0,0,0,0,0,0,204.3
266,Ja'Marr Chase,WR,CIN,7,0,0,0,0,0,0,0,4.9,24,4.897959184,0.1,0,105.9,1389.90,13.12464589,10.3,1.1,0,0,0,0,0,0,0,0,0,201.7
267,Cooper Kupp,WR,LAR,10,0,0,0,0,0,0,0,7.9,73.2,9.265822785,0.8,0,108,1345.70,12.46018519,8.3,0.8,0,0,0,0,0,0,0,0,0,194.8
268,Tyreek Hill,WR,MIA,10,0,0,0,0,0,0,0,9.2,55.7,6.054347826,0.6,0,105.5,1395.50,13.22748815,7.8,0.4,0,0,0,0,0,0,0,0,0,194.6
269,CeeDee Lamb,WR,DAL,7,0,0,0,0,0,0,0,8.7,55.8,6.413793103,0.3,0,99,1294.40,13.07474747,7.7,0.3,0,0,0,0,0,0,0,0,0,182
270,Davante Adams,WR,LV,13,0,0,0,0,0,0,0,1.8,7.6,4.222222222,0.1,0,93.6,1264.40,13.50854701,8.5,0.3,0,0,0,0,0,0,0,0,0,178
271,Stefon Diggs,WR,BUF,13,0,0,0,0,0,0,0,0.6,3.2,5.333333333,0,0,97.2,1273.80,13.10493827,8.4,0.4,0,0,0,0,0,0,0,0,0,177.2
272,A.J. Brown,WR,PHI,10,0,0,0,0,0,0,0,0.3,3.8,12.66666667,0,0,77.8,1195.00,15.35989717,8.3,0.6,0,0,0,0,0,0,0,0,0,168.8
273,Jaylen Waddle,WR,MIA,10,0,0,0,0,0,0,0,4.1,34,8.292682927,0.3,0,79.6,1155.50,14.51633166,6.4,0.7,0,0,0,0,0,0,0,0,0,157.6
274,Amon-Ra St. Brown,WR,DET,9,0,0,0,0,0,0,0,8,62.7,7.8375,0.5,0,101,1140.10,11.28811881,5.7,0.2,0,0,0,0,0,0,0,0,0,157.1
275,Garrett Wilson,WR,NYJ,7,0,0,0,0,0,0,0,2.4,6.3,2.625,0,0,83.5,1132.60,13.56407186,6.4,0.8,0,0,0,0,0,0,0,0,0,150.9
276,Deebo Samuel,WR,SF,9,0,0,0,0,0,0,0,42.3,252.4,5.966903073,2.4,0,68.9,892.5,12.95355588,4.1,1.4,0,0,0,0,0,0,0,0,0,150.6
277,Tee Higgins,WR,CIN,7,0,0,0,0,0,0,0,0.5,2.4,4.8,0,0,80.5,1081.50,13.43478261,6.7,0.3,0,0,0,0,0,0,0,0,0,147.8
278,Chris Olave,WR,NO,11,0,0,0,0,0,0,0,0,0.1,0,0,0,81.9,1147.00,14.004884,5.6,1.3,0,0,0,0,0,0,0,0,0,146.1
279,Amari Cooper,WR,CLE,5,0,0,0,0,0,0,0,0.5,1.6,3.2,0,0,73.5,1031.70,14.03673469,7,0.1,0,0,0,0,0,0,0,0,0,145.2
280,Christian Watson,WR,GB,6,0,0,0,0,0,0,0,8.6,69.8,8.11627907,1,0,69.2,958.3,13.8482659,6,0.2,0,0,0,0,0,0,0,0,0,144.4
281,DK Metcalf,WR,SEA,5,0,0,0,0,0,0,0,0.1,1.1,11,0,0,82.3,1021.60,12.41312272,7.2,0.8,0,0,0,0,0,0,0,0,0,143.9
282,DeVonta Smith,WR,PHI,10,0,0,0,0,0,0,0,0,0.1,0,0,0,82.9,1049.80,12.66344994,6.4,0.6,0,0,0,0,0,0,0,0,0,141.9
283,Calvin Ridley,WR,JAC,9,0,0,0,0,0,0,0,2.2,7.7,3.5,0,0,80.4,1021.30,12.70273632,6.5,0.5,0,0,0,0,0,0,0,0,0,141.3
284,Jerry Jeudy,WR,DEN,9,0,0,0,0,0,0,0,1.6,15,9.375,0,0,72.8,1050.30,14.4271978,5.6,0.2,0,0,0,0,0,0,0,0,0,140
285,DJ Moore,WR,CHI,13,0,0,0,0,0,0,0,6,37.1,6.183333333,0.1,0,67,940.8,14.04179104,6.4,0.3,0,0,0,0,0,0,0,0,0,135.8
286,Mike Williams,WR,LAC,5,0,0,0,0,0,0,0,1,4.5,4.5,0,0,70.9,988.2,13.93794076,6,0.1,0,0,0,0,0,0,0,0,0,135.5
287,Terry McLaurin,WR,WAS,14,0,0,0,0,0,0,0,3.3,20.1,6.090909091,0.1,0,73.8,1035.20,14.02710027,5,0.2,0,0,0,0,0,0,0,0,0,135.4
288,Mike Evans,WR,TB,5,0,0,0,0,0,0,0,0,6.8,0,0,0,71.3,991.5,13.90603086,5.8,0.1,0,0,0,0,0,0,0,0,0,134.3
289,Keenan Allen,WR,LAC,5,0,0,0,0,0,0,0,1.3,7.4,5.692307692,0,0,89.6,992.8,11.08035714,5.6,0.6,0,0,0,0,0,0,0,0,0,132.8
290,DeAndre Hopkins,WR,TEN,7,0,0,0,0,0,0,0,0.2,1.2,6,0,0,78.1,993.1,12.71574904,5.3,0.8,0,0,0,0,0,0,0,0,0,129.8
291,Christian Kirk,WR,JAC,9,0,0,0,0,0,0,0,3.5,21,6,0.1,0,74.2,919.1,12.38679245,5.9,0.5,0,0,0,0,0,0,0,0,0,128.8
292,Brandon Aiyuk,WR,SF,9,0,0,0,0,0,0,0,2.7,18.3,6.777777778,0.2,0,64.7,891.5,13.77897991,5.4,0.6,0,0,0,0,0,0,0,0,0,123.2
293,Drake London,WR,ATL,11,0,0,0,0,0,0,0,0,0.1,0,0,0,75.9,937.2,12.34782609,5.5,1.8,0,0,0,0,0,0,0,0,0,122.8
294,Chris Godwin,WR,TB,5,0,0,0,0,0,0,0,2.7,13.4,4.962962963,0.1,0,89.7,965.4,10.76254181,4.1,0.7,0,0,0,0,0,0,0,0,0,121.8
295,Tyler Lockett,WR,SEA,5,0,0,0,0,0,0,0,0.2,0.7,3.5,0,0,74.5,889.5,11.93959732,5.6,0.6,0,0,0,0,0,0,0,0,0,121.3
296,Marquise Brown,WR,ARI,14,0,0,0,0,0,0,0,1.4,8.3,5.928571429,0,0,77.8,910.5,11.70308483,4.8,0.3,0,0,0,0,0,0,0,0,0,120.6
297,Gabe Davis,WR,BUF,13,0,0,0,0,0,0,0,0.1,0.7,7,0,0,51.3,819.6,15.97660819,6.4,0.4,0,0,0,0,0,0,0,0,0,119.7
298,Jahan Dotson,WR,WAS,14,0,0,0,0,0,0,0,2.4,8.3,3.458333333,0.1,0,59,829.1,14.05254237,5.8,0.2,0,0,0,0,0,0,0,0,0,118.7
299,Diontae Johnson,WR,PIT,6,0,0,0,0,0,0,0,4.6,25.2,5.47826087,0,0,80.3,912.8,11.36737235,4.3,0.5,0,0,0,0,0,0,0,0,0,118.5
300,George Pickens,WR,PIT,6,0,0,0,0,0,0,0,2.8,18,6.428571429,0.4,0,56.3,836.7,14.86145648,5.1,0.2,0,0,0,0,0,0,0,0,0,117.8
301,Brandin Cooks,WR,DAL,7,0,0,0,0,0,0,0,3,19.4,6.466666667,0.1,0,62,812.1,13.0983871,4.7,0.1,0,0,0,0,0,0,0,0,0,111.9
302,Michael Pittman Jr.,WR,IND,11,0,0,0,0,0,0,0,2.4,20.8,8.666666667,0,0,75.8,857.9,11.31794195,4.1,0.5,0,0,0,0,0,0,0,0,0,111.5
303,Jordan Addison,WR,MIN,13,0,0,0,0,0,0,0,2.5,14.1,5.64,0.1,0,61.1,813.4,13.31260229,4.8,0.7,0,0,0,0,0,0,0,0,0,110.5
304,Treylon Burks,WR,TEN,7,0,0,0,0,0,0,0,6.9,52.9,7.666666667,0.1,0,58,796.3,13.72931034,4,0.2,0,0,0,0,0,0,0,0,0,108.9
305,Jaxon Smith-Njigba,WR,SEA,5,0,0,0,0,0,0,0,1.2,8.6,7.166666667,0,0,59.7,798.3,13.3718593,4.6,0.7,0,0,0,0,0,0,0,0,0,106.8
306,Courtland Sutton,WR,DEN,9,0,0,0,0,0,0,0,0.5,2.7,5.4,0,0,58.1,793,13.64888124,4.2,0.1,0,0,0,0,0,0,0,0,0,104.5
307,Michael Thomas,WR,NO,11,0,0,0,0,0,0,0,0.3,1.2,4,0,0,67.2,769.3,11.44791667,4.5,0.2,0,0,0,0,0,0,0,0,0,104
308,JuJu Smith-Schuster,WR,NE,11,0,0,0,0,0,0,0,0.2,1,5,0.1,0,72.5,802.5,11.06896552,3.9,0.7,0,0,0,0,0,0,0,0,0,102.6
309,Zay Flowers,WR,BAL,13,0,0,0,0,0,0,0,2.1,14.5,6.904761905,0.1,0,53.7,733.2,13.65363128,4.8,0.7,0,0,0,0,0,0,0,0,0,102.4
310,Kadarius Toney,WR,KC,10,0,0,0,0,0,0,0,10.2,102.3,10.02941176,1.3,0,51.8,590.4,11.3976834,4.1,0.6,0,0,0,0,0,0,0,0,0,100.2
311,Nico Collins,WR,HOU,7,0,0,0,0,0,0,0,0,0.2,0,0,0,56.8,722,12.71126761,4.4,0.1,0,0,0,0,0,0,0,0,0,98.1
312,Jakobi Meyers,WR,LV,13,0,0,0,0,0,0,0,1.1,3.8,3.454545455,0,0,62.5,749.4,11.9904,3.9,0.7,0,0,0,0,0,0,0,0,0,97.4
313,Odell Beckham Jr.,WR,BAL,13,0,0,0,0,0,0,0,1.6,19.2,12,0.2,0,51.1,676.5,13.23874755,4.4,0.2,0,0,0,0,0,0,0,0,0,97.3
314,Tyler Boyd,WR,CIN,7,0,0,0,0,0,0,0,1.5,9,6,0,0,58.2,713.7,12.2628866,3.9,0.2,0,0,0,0,0,0,0,0,0,95.4
315,DJ Chark Jr.,WR,CAR,7,0,0,0,0,0,0,0,0.1,1.4,14,0,0,46.2,718.2,15.54545455,3.9,0.1,0,0,0,0,0,0,0,0,0,95
316,Marquez Valdes-Scantling,WR,KC,10,0,0,0,0,0,0,0,0.7,1.9,2.714285714,0,0,42.2,690.1,16.35308057,4.2,0.1,0,0,0,0,0,0,0,0,0,94
317,Quentin Johnston,WR,LAC,5,0,0,0,0,0,0,0,2.5,14,5.6,0.1,0,48.9,696.5,14.24335378,3.9,0.7,0,0,0,0,0,0,0,0,0,93.8
318,Michael Gallup,WR,DAL,7,0,0,0,0,0,0,0,0,0.2,0,0,0,49.8,658.8,13.22891566,4.6,0.1,0,0,0,0,0,0,0,0,0,93.1
319,Allen Lazard,WR,NYJ,7,0,0,0,0,0,0,0,2.1,12.6,6,0,0,50.7,646.1,12.74358974,4.5,0.1,0,0,0,0,0,0,0,0,0,92.8
320,Darnell Mooney,WR,CHI,13,0,0,0,0,0,0,0,2,9.9,4.95,0.1,0,52.1,661.4,12.69481766,4,0.1,0,0,0,0,0,0,0,0,0,91.2
321,Zay Jones,WR,JAC,9,0,0,0,0,0,0,0,1.9,8.4,4.421052632,0,0,60.3,660.6,10.95522388,3.9,0.2,0,0,0,0,0,0,0,0,0,90
322,Adam Thielen,WR,CAR,7,0,0,0,0,0,0,0,0.6,4.1,6.833333333,0,0,55,637.9,11.59818182,4.2,0.1,0,0,0,0,0,0,0,0,0,89.2
323,DeVante Parker,WR,NE,11,0,0,0,0,0,0,0,0,0.2,0,0,0,45.7,669.5,14.64989059,3.7,0.1,0,0,0,0,0,0,0,0,0,88.9
324,Rondale Moore,WR,ARI,14,0,0,0,0,0,0,0,14.2,61.6,4.338028169,0.2,0,66.6,687.3,10.31981982,2.2,0.4,0,0,0,0,0,0,0,0,0,88.2
325,Skyy Moore,WR,KC,10,0,0,0,0,0,0,0,5.5,33.7,6.127272727,0.2,0,49.9,639.9,12.82364729,3.9,2.1,0,0,0,0,0,0,0,0,0,88
326,Romeo Doubs,WR,GB,6,0,0,0,0,0,0,0,0.6,6.3,10.5,0,0,54.5,641.3,11.76697248,4.1,0.7,0,0,0,0,0,0,0,0,0,87.8
327,Jonathan Mingo,WR,CAR,7,0,0,0,0,0,0,0,1.2,12.8,10.66666667,0.1,0,47.8,653.9,13.67991632,3.3,0.4,0,0,0,0,0,0,0,0,0,85.6
328,Curtis Samuel,WR,WAS,14,0,0,0,0,0,0,0,25.7,139.4,5.424124514,0.8,0,47.9,521.3,10.88308977,2.6,0.5,0,0,0,0,0,0,0,0,0,85.5
329,Van Jefferson,WR,LAR,10,0,0,0,0,0,0,0,0.7,5.1,7.285714286,0,0,42.5,613.3,14.43058824,3.9,0.1,0,0,0,0,0,0,0,0,0,85
330,Elijah Moore,WR,CLE,5,0,0,0,0,0,0,0,4.9,25,5.102040816,0.2,0,44.3,601.2,13.57110609,3.3,0.1,0,0,0,0,0,0,0,0,0,83.5
331,Donovan Peoples-Jones,WR,CLE,5,0,0,0,0,0,0,0,0.4,0.5,1.25,0,0,44.2,650.7,14.72171946,3.2,0.6,0,0,0,0,0,0,0,0,0,82.9
332,K.J. Osborn,WR,MIN,13,0,0,0,0,0,0,0,2.9,14.4,4.965517241,0.1,0,48.6,557.9,11.47942387,4.2,0.2,0,0,0,0,0,0,0,0,0,82.6
333,Hunter Renfrow,WR,LV,13,0,0,0,0,0,0,0,0.4,3.8,9.5,0,0,60.6,603.9,9.965346535,3.6,0.6,0,0,0,0,0,0,0,0,0,80.9
334,Jayden Reed,WR,GB,6,0,0,0,0,0,0,0,2.4,16.6,6.916666667,0.1,0,47.9,601.3,12.55323591,3.1,0.2,0,0,0,0,0,0,0,0,0,80.1
335,Jameson Williams,WR,DET,9,0,0,0,0,0,0,0,1.9,20.4,10.73684211,0.1,0,39,583.3,14.95641026,3.1,0.5,0,0,0,0,0,0,0,0,0,78.8
336,Isaiah Hodgins,WR,NYG,13,0,0,0,0,0,0,0,0,0.6,0,0,0,47.3,524.2,11.08245243,4.6,0.7,0,0,0,0,0,0,0,0,0,78.8
337,Rashid Shaheed,WR,NO,11,0,0,0,0,0,0,0,3.6,42.6,11.83333333,0.8,0,37.2,556.1,14.94892473,2.4,0.1,0,0,0,0,0,0,0,0,0,78.6
338,Rashod Bateman,WR,BAL,13,0,0,0,0,0,0,0,0,0.2,0,0,0,40,607.8,15.195,3.1,0.9,0,0,0,0,0,0,0,0,0,77.5
339,John Metchie III,WR,HOU,7,0,0,0,0,0,0,0,0.9,8.2,9.111111111,0,0,43.2,561.8,13.00462963,2.8,0.2,0,0,0,0,0,0,0,0,0,73.8
340,Alec Pierce,WR,IND,11,0,0,0,0,0,0,0,0,0.2,0,0,0,39.2,591.4,15.08673469,2.5,0.1,0,0,0,0,0,0,0,0,0,73.7
341,Robert Woods,WR,HOU,7,0,0,0,0,0,0,0,4.2,21.2,5.047619048,0.2,0,52.2,535.5,10.25862069,2.5,0.5,0,0,0,0,0,0,0,0,0,71.1
342,Chase Claypool,WR,CHI,13,0,0,0,0,0,0,0,5.6,37.6,6.714285714,0.2,0,35.5,498.1,14.03098592,2.7,0.5,0,0,0,0,0,0,0,0,0,70.3
343,Mecole Hardman Jr.,WR,NYJ,7,0,0,0,0,0,0,0,7.9,60.1,7.607594937,0.8,0,36.2,444.4,12.27624309,2.7,0.8,0,0,0,0,0,0,0,0,0,69.6
344,Corey Davis,WR,NYJ,7,0,0,0,0,0,0,0,0,0.3,0,0,0,35.7,527.6,14.77871148,2.7,0.2,0,0,0,0,0,0,0,0,0,68.7
345,Marvin Jones Jr.,WR,DET,9,0,0,0,0,0,0,0,0.1,0.5,5,0,0,38.1,496,13.0183727,3.2,0.1,0,0,0,0,0,0,0,0,0,68.6
346,Darius Slayton,WR,NYG,13,0,0,0,0,0,0,0,0.5,1.5,3,0,0,35.8,547.2,15.2849162,2.4,0.5,0,0,0,0,0,0,0,0,0,68
347,Rashee Rice,WR,KC,10,0,0,0,0,0,0,0,1.2,8,6.666666667,0,0,33.5,486.5,14.52238806,3,0.4,0,0,0,0,0,0,0,0,0,67.1
348,Mack Hollins,WR,ATL,11,0,0,0,0,0,0,0,1.1,16.9,15.36363636,0.1,0,38.8,468.2,12.06701031,2.9,0.2,0,0,0,0,0,0,0,0,0,65.6
349,Allen Robinson II,WR,PIT,6,0,0,0,0,0,0,0,0.1,0.4,4,0,0,39.7,491,12.36775819,2.7,0.1,0,0,0,0,0,0,0,0,0,65.3
350,Russell Gage,WR,TB,5,0,0,0,0,0,0,0,0.8,2,2.5,0,0,60.5,530,8.760330579,1.9,0.3,0,0,0,0,0,0,0,0,0,63.9
351,Parris Campbell,WR,NYG,13,0,0,0,0,0,0,0,3.6,35.8,9.944444444,0.1,0,39.7,459.7,11.57934509,2.2,0.3,0,0,0,0,0,0,0,0,0,62.9
352,Khalil Shakir,WR,BUF,13,0,0,0,0,0,0,0,1.2,6.9,5.75,0.1,0,32,446.3,13.946875,2.1,0.2,0,0,0,0,0,0,0,0,0,58
353,Tyquan Thornton,WR,NE,11,0,0,0,0,0,0,0,3.2,13.9,4.34375,0.5,0,29.3,384.9,13.13651877,2.3,0.1,0,0,0,0,0,0,0,0,0,56.6
354,Kendrick Bourne,WR,NE,11,0,0,0,0,0,0,0,5.3,34.8,6.566037736,0.2,0,31.3,410.5,13.11501597,1.8,0.2,0,0,0,0,0,0,0,0,0,55.6
355,Joshua Palmer,WR,LAC,5,0,0,0,0,0,0,0,0.5,1.8,3.6,0,0,34.8,425.9,12.23850575,2,0.1,0,0,0,0,0,0,0,0,0,54.9
356,Wan'Dale Robinson,WR,NYG,13,0,0,0,0,0,0,0,2.6,11.3,4.346153846,0.1,0,34.9,427.7,12.25501433,1.8,0.5,0,0,0,0,0,0,0,0,0,54.4
357,Nick Westbrook-Ikhine,WR,TEN,7,0,0,0,0,0,0,0,0,0.4,0,0,0,28.3,394.4,13.93639576,2.4,0.2,0,0,0,0,0,0,0,0,0,53.5
358,Josh Reynolds,WR,DET,9,0,0,0,0,0,0,0,0.3,0.4,1.333333333,0,0,28.7,403.3,14.05226481,2.2,0.2,0,0,0,0,0,0,0,0,0,53.4
359,Marvin Mims Jr.,WR,DEN,9,0,0,0,0,0,0,0,0.9,4.6,5.111111111,0,0,26.8,397.6,14.8358209,2,0.2,0,0,0,0,0,0,0,0,0,51.9
360,Jalin Hyatt,WR,NYG,13,0,0,0,0,0,0,0,1.1,8.2,7.454545455,0,0,28.2,400.3,14.19503546,1.9,0.4,0,0,0,0,0,0,0,0,0,51.9
361,Ben Skowronek,WR,LAR,10,0,0,0,0,0,0,0,0.4,4.7,11.75,0.3,0,37.6,387.3,10.30053191,1.5,0.1,0,0,0,0,0,0,0,0,0,50.1
362,Terrace Marshall Jr.,WR,CAR,7,0,0,0,0,0,0,0,0,0.1,0,0,0,24.9,400.7,16.09236948,1.5,0.1,0,0,0,0,0,0,0,0,0,49.1
363,Greg Dortch,WR,ARI,14,0,0,0,0,0,0,0,5.8,42.8,7.379310345,0.1,0,37.7,365,9.681697613,1.4,0.5,0,0,0,0,0,0,0,0,0,48.7
364,Michael Wilson,WR,ARI,14,0,0,0,0,0,0,0,0.5,5.5,11,0,0,32.9,390.7,11.87537994,1.4,0.2,0,0,0,0,0,0,0,0,0,48
365,Tutu Atwell,WR,LAR,10,0,0,0,0,0,0,0,7.1,34.6,4.873239437,0.4,0,23.8,344.4,14.47058824,1.3,0.2,0,0,0,0,0,0,0,0,0,47.8
366,Sterling Shepard,WR,NYG,13,0,0,0,0,0,0,0,2.7,16.3,6.037037037,0.1,0,28.3,334.1,11.80565371,1.6,0.1,0,0,0,0,0,0,0,0,0,45.1
367,Josh Downs,WR,IND,11,0,0,0,0,0,0,0,0.8,6.4,8,0,0,23.7,354.8,14.97046414,1.5,0.2,0,0,0,0,0,0,0,0,0,44.8
368,Tank Dell,WR,HOU,7,0,0,0,0,0,0,0,0.7,4.1,5.857142857,0,0,25,361.8,14.472,1.3,0.3,0,0,0,0,0,0,0,0,0,43.8
369,Cedric Tillman,WR,CLE,5,0,0,0,0,0,0,0,0.9,5.7,6.333333333,0.1,0,22.3,361,16.18834081,1.2,0.2,0,0,0,0,0,0,0,0,0,43.6
370,Robbie Chosen,WR,MIA,10,0,0,0,0,0,0,0,0.3,1.9,6.333333333,0,0,30.3,332.7,10.98019802,1.7,0.2,0,0,0,0,0,0,0,0,0,43.3
371,Richie James Jr.,WR,KC,10,0,0,0,0,0,0,0,0.6,1.8,3,0,0,24.4,331.9,13.60245902,2,1.6,0,0,0,0,0,0,0,0,0,42.1
372,Laviska Shenault Jr.,WR,CAR,7,0,0,0,0,0,0,0,16.6,83.9,5.054216867,0.7,0,20,250.1,12.505,0.8,0.2,0,0,0,0,0,0,0,0,0,41.9
373,Isaiah McKenzie,WR,IND,11,0,0,0,0,0,0,0,8.3,42.3,5.096385542,0.3,0,24.2,281,11.61157025,1.3,0.1,0,0,0,0,0,0,0,0,0,41.6
374,Kayshon Boutte,WR,NE,11,0,0,0,0,0,0,0,1.6,9.8,6.125,0.1,0,0,388.5,0,0.3,0.3,0,0,0,0,0,0,0,0,0,41.6
375,Trey Palmer,WR,TB,5,0,0,0,0,0,0,0,0.3,4.4,14.66666667,0,0,31.1,321.8,10.34726688,1.5,0.1,0,0,0,0,0,0,0,0,0,41.6
376,Braxton Berrios,WR,MIA,10,0,0,0,0,0,0,0,1.7,20.3,11.94117647,0.3,0,24.6,290.8,11.82113821,1.4,0.4,0,0,0,0,0,0,0,0,0,41
377,Quez Watkins,WR,PHI,10,0,0,0,0,0,0,0,0.5,0.9,1.8,0,0,20.6,304.2,14.76699029,1.4,0.2,0,0,0,0,0,0,0,0,0,38.8
378,Jauan Jennings,WR,SF,9,0,0,0,0,0,0,0,0,0.2,0,0,0,21.9,277.5,12.67123288,1.3,0.1,0,0,0,0,0,0,0,0,0,35.6
379,Chris Moore,WR,TEN,7,0,0,0,0,0,0,0,1.2,3.2,2.666666667,0,0,24.3,263.3,10.83539095,1.1,0,0,0,0,0,0,0,0,0,0,33
380,Puka Nacua,WR,LAR,10,0,0,0,0,0,0,0,0.8,4.8,6,0.1,0,15.3,283.9,18.55555556,0.6,0.1,0,0,0,0,0,0,0,0,0,32.7
381,Kalif Raymond,WR,DET,9,0,0,0,0,0,0,0,2.3,22.6,9.826086957,0.2,0,18.3,220.8,12.06557377,1.1,0.2,0,0,0,0,0,0,0,0,0,31.9
382,Marquez Callaway,WR,DEN,9,0,0,0,0,0,0,0,0,0.2,0,0,0,18.6,215.2,11.56989247,1.3,0,0,0,0,0,0,0,0,0,0,29.4
383,Demarcus Robinson,WR,LAR,10,0,0,0,0,0,0,0,0,0.2,0,0,0,21.6,231.2,10.7037037,1,0.1,0,0,0,0,0,0,0,0,0,29
384,Amari Rodgers,WR,IND,11,0,0,0,0,0,0,0,0.2,7.9,39.5,0,0,21,210.4,10.01904762,1.1,0.1,0,0,0,0,0,0,0,0,0,28.5
385,Olamide Zaccheaus,WR,PHI,10,0,0,0,0,0,0,0,0.6,1.8,3,0,0,17.7,225.9,12.76271186,1.1,0.3,0,0,0,0,0,0,0,0,0,28.4
386,Trent Sherfield,WR,BUF,13,0,0,0,0,0,0,0,0,0.6,0,0,0,15.4,214.1,13.9025974,1.1,0.1,0,0,0,0,0,0,0,0,0,27.8
387,Kyle Philips,WR,TEN,7,0,0,0,0,0,0,0,0.7,3.8,5.428571429,0,0,16.3,224.2,13.75460123,0.8,0.2,0,0,0,0,0,0,0,0,0,27.4
388,David Moore,WR,TB,5,0,0,0,0,0,0,0,0.1,6.5,65,0.1,0,19.1,194.8,10.19895288,1.1,0.1,0,0,0,0,0,0,0,0,0,26.7
389,Randall Cobb,WR,NYJ,7,0,0,0,0,0,0,0,0.1,0.5,5,0,0,17.4,198.7,11.41954023,1.1,0.1,0,0,0,0,0,0,0,0,0,26.3
390,Jamal Agnew,WR,JAC,9,0,0,0,0,0,0,0,5.7,50.6,8.877192982,0.3,0,15.9,147.5,9.27672956,0.8,0.2,0,0,0,0,0,0,0,0,0,26.1
391,Marquise Goodwin,WR,CLE,5,0,0,0,0,0,0,0,1.5,7.9,5.266666667,0,0,12.8,177.4,13.859375,1.2,0,0,0,0,0,0,0,0,0,0,25.9
392,Charlie Jones,WR,CIN,7,0,0,0,0,0,0,0,0.7,5.6,8,0,0,15.2,198.4,13.05263158,1,0.5,0,0,0,0,0,0,0,0,0,25.5
393,A.T. Perry,WR,NO,11,0,0,0,0,0,0,0,1,6.2,6.2,0,0,0,250.4,0,0,0.2,0,0,0,0,0,0,0,0,0,25.3
394,Cedrick Wilson Jr.,WR,MIA,10,0,0,0,0,0,0,0,0.2,0.6,3,0,0,16.5,186.6,11.30909091,0.9,0,0,0,0,0,0,0,0,0,0,24.3
395,Noah Brown,WR,HOU,7,0,0,0,0,0,0,0,0.1,0.4,4,0,0,15.5,196.4,12.67096774,0.7,0.1,0,0,0,0,0,0,0,0,0,23.8
396,Cade Johnson,WR,SEA,5,0,0,0,0,0,0,0,0,1.7,0,0,0,14.6,168,11.50684932,1.1,0,0,0,0,0,0,0,0,0,0,23.3
397,Samori Toure,WR,GB,6,0,0,0,0,0,0,0,0.3,2.5,8.333333333,0,0,15,177.5,11.83333333,0.9,0.1,0,0,0,0,0,0,0,0,0,23.2
398,Demario Douglas,WR,NE,11,0,0,0,0,0,0,0,0.3,1.7,5.666666667,0,0,21.7,193.4,8.912442396,0.6,0.1,0,0,0,0,0,0,0,0,0,23
399,Xavier Hutchinson,WR,HOU,7,0,0,0,0,0,0,0,0.9,5.6,6.222222222,0,0,0,226,0,0,0.2,0,0,0,0,0,0,0,0,0,22.8
400,Dontayvion Wicks,WR,GB,6,0,0,0,0,0,0,0,0.2,3.9,19.5,0,0,17.6,173.2,9.840909091,0.8,0.1,0,0,0,0,0,0,0,0,0,22.7
401,Justyn Ross,WR,KC,10,0,0,0,0,0,0,0,0.5,2.5,5,0,0,8.5,171,20.11764706,0.7,0.1,0,0,0,0,0,0,0,0,0,21.7
402,Tyler Scott,WR,CHI,13,0,0,0,0,0,0,0,0.9,5.3,5.888888889,0,0,0,213.7,0,0,0.1,0,0,0,0,0,0,0,0,0,21.7
403,Trenton Irwin,WR,CIN,7,0,0,0,0,0,0,0,0.1,0.5,5,0,0,15.9,159.8,10.05031447,0.9,0.1,0,0,0,0,0,0,0,0,0,21.4
404,Justin Watson,WR,KC,10,0,0,0,0,0,0,0,0,0.2,0,0,0,11.4,159.4,13.98245614,0.9,0,0,0,0,0,0,0,0,0,0,21.3
405,Devin Duvernay,WR,BAL,13,0,0,0,0,0,0,0,4.6,39.8,8.652173913,0.2,0,6.4,135.5,21.171875,0.4,0.1,0,0,0,0,0,0,0,0,0,21.3
406,Zach Pascal,WR,ARI,14,0,0,0,0,0,0,0,0.1,1.1,11,0,0,15.4,160,10.38961039,0.8,0.1,0,0,0,0,0,0,0,0,0,20.9
407,KhaDarel Hodge,WR,ATL,11,0,0,0,0,0,0,0,0,3,0,0,0,13.2,151.4,11.46969697,0.9,0.1,0,0,0,0,0,0,0,0,0,20.9
408,Dyami Brown,WR,WAS,14,0,0,0,0,0,0,0,0.3,6.1,20.33333333,0,0,11.1,168.3,15.16216216,0.6,0.1,0,0,0,0,0,0,0,0,0,20.8
409,David Bell,WR,CLE,5,0,0,0,0,0,0,0,0,0.2,0,0,0,10.1,174.4,17.26732673,0.4,0,0,0,0,0,0,0,0,0,0,19.9
410,Calvin Austin III,WR,PIT,6,0,0,0,0,0,0,0,0.3,3.1,10.33333333,0,0,12,156.5,13.04166667,0.6,0.1,0,0,0,0,0,0,0,0,0,19.4
411,Tre Nixon,WR,NE,11,0,0,0,0,0,0,0,0,6.7,0,0,0,9.3,135.6,14.58064516,0.8,0,0,0,0,0,0,0,0,0,0,19.4
412,Deonte Harty,WR,BUF,13,0,0,0,0,0,0,0,2.6,13.7,5.269230769,0,0,9.7,152.5,15.72164948,0.5,0.3,0,0,0,0,0,0,0,0,0,19.1
413,Britain Covey,WR,PHI,10,0,0,0,0,0,0,0,0,6.7,0,0.1,0,8.4,130.4,15.52380952,0.8,0,0,0,0,0,0,0,0,0,0,18.7
414,Jalen Guyton,WR,LAC,5,0,0,0,0,0,0,0,0.9,3,3.333333333,0,0,10.3,147,14.27184466,0.6,0,0,0,0,0,0,0,0,0,0,18.7
415,Parker Washington,WR,JAC,9,0,0,0,0,0,0,0,0.3,1.5,5,0,0,14,138,9.857142857,0.6,0.1,0,0,0,0,0,0,0,0,0,17.2
416,Deven Thompkins,WR,TB,5,0,0,0,0,0,0,0,0.1,10,100,0.1,0,12.1,120.7,9.975206612,0.6,0.1,0,0,0,0,0,0,0,0,0,17.1
417,Bryan Edwards,WR,NO,11,0,0,0,0,0,0,0,0,1.2,0,0,0,8,117.8,14.725,0.8,0,0,0,0,0,0,0,0,0,0,16.4
418,Steven Sims Jr.,WR,HOU,7,0,0,0,0,0,0,0,0,24.7,0,0.2,0,7.7,96.6,12.54545455,0.5,0.1,0,0,0,0,0,0,0,0,0,16.3
419,Brandon Powell,WR,MIN,13,0,0,0,0,0,0,0,1.7,25,14.70588235,0,0,12,102.7,8.558333333,0.5,0.1,0,0,0,0,0,0,0,0,0,15.8
420,Jalen Tolbert,WR,DAL,7,0,0,0,0,0,0,0,0.5,2.7,5.4,0,0,7.2,123.5,17.15277778,0.5,0.1,0,0,0,0,0,0,0,0,0,15.5
421,Cole Beasley,WR,NYG,13,0,0,0,0,0,0,0,0,0.3,0,0,0,10.1,113.1,11.1980198,0.7,0,0,0,0,0,0,0,0,0,0,15.4
422,Equanimeous St. Brown,WR,CHI,13,0,0,0,0,0,0,0,1.1,11.2,10.18181818,0,0,8,109.4,13.675,0.5,0.1,0,0,0,0,0,0,0,0,0,15.4
423,Nelson Agholor,WR,BAL,13,0,0,0,0,0,0,0,0.2,0.9,4.5,0,0,4.9,131.9,26.91836735,0.3,0.2,0,0,0,0,0,0,0,0,0,14.9
424,Jalen Nailor,WR,MIN,13,0,0,0,0,0,0,0,0.3,1.7,5.666666667,0,0,10,105.8,10.58,0.7,0.1,0,0,0,0,0,0,0,0,0,14.8
425,Jamison Crowder,WR,NYG,13,0,0,0,0,0,0,0,0.1,1,10,0,0,3.4,141,41.47058824,0.1,0.1,0,0,0,0,0,0,0,0,0,14.5
426,Tre'Quan Smith,WR,NO,11,0,0,0,0,0,0,0,0,0.3,0,0,0,8.3,102.5,12.34939759,0.6,0,0,0,0,0,0,0,0,0,0,13.6
427,Velus Jones Jr.,WR,CHI,13,0,0,0,0,0,0,0,1.8,33.8,18.77777778,0.2,0,4.6,77.2,16.7826087,0.3,0.1,0,0,0,0,0,0,0,0,0,13.6
428,Kendall Hinton,WR,DEN,9,0,0,0,0,0,0,0,0.8,7.3,9.125,0,0,8.5,97.2,11.43529412,0.5,0,0,0,0,0,0,0,0,0,0,13.5
429,DeAndre Carter,WR,LV,13,0,0,0,0,0,0,0,0.5,7.2,14.4,0,0,9,105.2,11.68888889,0.4,0.2,0,0,0,0,0,0,0,0,0,13.4
430,Dareke Young,WR,SEA,5,0,0,0,0,0,0,0,0,0,0,0,0,8.1,92.6,11.43209877,0.7,0.1,0,0,0,0,0,0,0,0,0,13.1
431,Penny Hart,WR,ATL,11,0,0,0,0,0,0,0,0,0,0,0,0,8.9,103,11.57303371,0.5,0.1,0,0,0,0,0,0,0,0,0,12.9
432,Dee Eskridge,WR,SEA,5,0,0,0,0,0,0,0,2.8,17.6,6.285714286,0.1,0,8.7,82,9.425287356,0.4,0,0,0,0,0,0,0,0,0,0,12.8
433,Phillip Dorsett II,WR,LV,13,0,0,0,0,0,0,0,0.1,1,10,0,0,8.9,89.7,10.07865169,0.5,0,0,0,0,0,0,0,0,0,0,12.2
434,Scott Miller,WR,ATL,11,0,0,0,0,0,0,0,0.4,5,12.5,0.1,0,6.8,94.2,13.85294118,0.3,0,0,0,0,0,0,0,0,0,0,12.1
435,Derius Davis,WR,LAC,5,0,0,0,0,0,0,0,0.1,5.1,51,0,0,11.4,86.4,7.578947368,0.4,0,0,0,0,0,0,0,0,0,0,11.9
436,Shi Smith,WR,CAR,7,0,0,0,0,0,0,0,0.1,0.1,1,0,0,7.1,92.4,13.01408451,0.4,0.1,0,0,0,0,0,0,0,0,0,11.3
437,Damiere Byrd,WR,CAR,7,0,0,0,0,0,0,0,0,0.7,0,0,0,6,78.5,13.08333333,0.5,0,0,0,0,0,0,0,0,0,0,10.9
438,Denzel Mims,WR,DET,9,0,0,0,0,0,0,0,0,0.1,0,0,0,5.3,89.6,16.90566038,0.3,0,0,0,0,0,0,0,0,0,0,10.7
439,Andrei Iosivas,WR,CIN,7,0,0,0,0,0,0,0,0.4,2.7,6.75,0,0,0,105.5,0,0,0.1,0,0,0,0,0,0,0,0,0,10.6
440,Gunner Olszewski,WR,PIT,6,0,0,0,0,0,0,0,4.5,33.9,7.533333333,0.1,0,3.7,51.2,13.83783784,0.2,0.1,0,0,0,0,0,0,0,0,0,10.5
441,Kaylon Geiger Sr.,WR,TB,5,0,0,0,0,0,0,0,0,5.7,0,0.1,0,5.2,66.5,12.78846154,0.4,0,0,0,0,0,0,0,0,0,0,10.1
442,Justin Shorter,WR,BUF,13,0,0,0,0,0,0,0,0.2,0.9,4.5,0,0,7.3,77.2,10.57534247,0.3,0,0,0,0,0,0,0,0,0,0,9.7
443,Joseph Ngata,WR,PHI,10,0,0,0,0,0,0,0,0,0,0,0,0,5.9,68.3,11.57627119,0.5,0,0,0,0,0,0,0,0,0,0,9.7
444,Jalen Reagor,WR,MIN,13,0,0,0,0,0,0,0,2.5,13.8,5.52,0.1,0,5.4,59.9,11.09259259,0.3,0.1,0,0,0,0,0,0,0,0,0,9.5
445,Jakeem Grant Sr.,WR,CLE,5,0,0,0,0,0,0,0,0,22.7,0,0.1,0,4.8,51.5,10.72916667,0.2,0,0,0,0,0,0,0,0,0,0,9.5
446,Demetric Felton Jr.,WR,CLE,5,0,0,0,0,0,0,0,0.4,2.4,6,0,0,0,93.7,0,0,0.1,0,0,0,0,0,0,0,0,0,9.4
447,Tre Tucker,WR,LV,13,0,0,0,0,0,0,0,0.2,2.2,11,0,0,5.7,73.4,12.87719298,0.3,0,0,0,0,0,0,0,0,0,0,9.2
448,Ashton Dulin,WR,IND,11,0,0,0,0,0,0,0,0.4,5.5,13.75,0,0,4.5,72.9,16.2,0.3,0.1,0,0,0,0,0,0,0,0,0,9.2
449,Ray-Ray McCloud III,WR,SF,9,0,0,0,0,0,0,0,3.1,24.9,8.032258065,0.2,0,3.8,41.9,11.02631579,0.2,0.1,0,0,0,0,0,0,0,0,0,9
450,KaVontae Turpin,WR,DAL,7,0,0,0,0,0,0,0,1.7,10.1,5.941176471,0.1,0,5.5,53.6,9.745454545,0.3,0,0,0,0,0,0,0,0,0,0,8.8
451,River Cracraft,WR,MIA,10,0,0,0,0,0,0,0,0,0.6,0,0,0,4.6,65.2,14.17391304,0.3,0,0,0,0,0,0,0,0,0,0,8.7
452,Ronnie Bell,WR,SF,9,0,0,0,0,0,0,0,0,4.7,0,0,0,4.4,57.1,12.97727273,0.3,0,0,0,0,0,0,0,0,0,0,8.3
453,Lance McCutcheon,WR,LAR,10,0,0,0,0,0,0,0,0,0.7,0,0,0,3.9,64,16.41025641,0.3,0,0,0,0,0,0,0,0,0,0,8.2
454,Darrius Shepherd,WR,LAC,5,0,0,0,0,0,0,0,0,5,0,0,0,4.2,57.2,13.61904762,0.3,0,0,0,0,0,0,0,0,0,0,8.1
455,Dante Pettis,WR,CHI,13,0,0,0,0,0,0,0,0.1,4.5,45,0,0,6.1,64.2,10.52459016,0.2,0,0,0,0,0,0,0,0,0,0,8.1
456,Byron Pringle,WR,WAS,14,0,0,0,0,0,0,0,0,0,0,0,0,7,65.6,9.371428571,0.2,0,0,0,0,0,0,0,0,0,0,7.9
457,Rakim Jarrett,WR,TB,5,0,0,0,0,0,0,0,0,1.1,0,0,0,4.9,57,11.63265306,0.3,0,0,0,0,0,0,0,0,0,0,7.9
458,Cody Thompson,WR,SEA,5,0,0,0,0,0,0,0,0,1.9,0,0,0,3.9,60.5,15.51282051,0.3,0,0,0,0,0,0,0,0,0,0,7.8
459,Kevin Austin Jr.,WR,JAC,9,0,0,0,0,0,0,0,0,1.9,0,0,0,4.3,53.9,12.53488372,0.3,0,0,0,0,0,0,0,0,0,0,7.6
460,Erik Ezukanma,WR,MIA,10,0,0,0,0,0,0,0,0.1,0.8,8,0,0,5.3,59.3,11.18867925,0.3,0.1,0,0,0,0,0,0,0,0,0,7.4
461,Danny Gray,WR,SF,9,0,0,0,0,0,0,0,0.2,1.6,8,0,0,3.1,57.5,18.5483871,0.2,0.1,0,0,0,0,0,0,0,0,0,6.9
462,Maurice Alexander,WR,DET,9,0,0,0,0,0,0,0,0,0,0,0,0,3.6,48.2,13.38888889,0.3,0,0,0,0,0,0,0,0,0,0,6.8
463,Montrell Washington,WR,DEN,9,0,0,0,0,0,0,0,0,8.8,0,0,0,2.7,45.7,16.92592593,0.2,0,0,0,0,0,0,0,0,0,0,6.7
464,Matthew Slater,WR,NE,11,0,0,0,0,0,0,0,0,1.2,0,0,0,2.1,53.8,25.61904762,0.2,0,0,0,0,0,0,0,0,0,0,6.6
465,Joe Reed,WR,CHI,13,0,0,0,0,0,0,0,0,7.7,0,0,0,2.1,45.7,21.76190476,0.2,0,0,0,0,0,0,0,0,0,0,6.6
466,Andy Isabella,WR,BUF,13,0,0,0,0,0,0,0,0,6.8,0,0.1,0,2.5,42.3,16.92,0.2,0,0,0,0,0,0,0,0,0,0,6.6
467,Trinity Benson,WR,DET,9,0,0,0,0,0,0,0,0,0,0,0,0,3.5,46.8,13.37142857,0.3,0,0,0,0,0,0,0,0,0,0,6.6
468,Tim Jones,WR,JAC,9,0,0,0,0,0,0,0,0,0.5,0,0,0,3.8,49.9,13.13157895,0.3,0,0,0,0,0,0,0,0,0,0,6.6
469,Isaiah Coulter,WR,BUF,13,0,0,0,0,0,0,0,0,0,0,0,0,3.7,44.7,12.08108108,0.3,0,0,0,0,0,0,0,0,0,0,6.5
470,Dezmon Patmon,WR,BUF,13,0,0,0,0,0,0,0,0,0,0,0,0,3.7,44.2,11.94594595,0.3,0,0,0,0,0,0,0,0,0,0,6.4
471,Bo Melton,WR,GB,6,0,0,0,0,0,0,0,0,2.6,0,0,0,3.7,44.5,12.02702703,0.3,0,0,0,0,0,0,0,0,0,0,6.4
472,Jason Moore Jr.,WR,DET,9,0,0,0,0,0,0,0,0,0,0,0,0,3.9,50.9,13.05128205,0.2,0,0,0,0,0,0,0,0,0,0,6.4
473,Simi Fehoko,WR,DAL,7,0,0,0,0,0,0,0,0,0,0,0,0,3.6,43.1,11.97222222,0.3,0,0,0,0,0,0,0,0,0,0,6.4
474,Dennis Houston,WR,DAL,7,0,0,0,0,0,0,0,0,0,0,0,0,3.5,42.8,12.22857143,0.3,0,0,0,0,0,0,0,0,0,0,6.3
475,Cody Chrest,WR,GB,6,0,0,0,0,0,0,0,0,3.2,0,0,0,3.4,43.1,12.67647059,0.3,0,0,0,0,0,0,0,0,0,0,6.2
476,Stanley Morgan Jr.,WR,CIN,7,0,0,0,0,0,0,0,0,0,0,0,0,3.8,42.9,11.28947368,0.3,0,0,0,0,0,0,0,0,0,0,6.2
477,Seth Williams,WR,JAC,9,0,0,0,0,0,0,0,0,0,0,0,0,3.7,47.4,12.81081081,0.2,0,0,0,0,0,0,0,0,0,0,6.2
478,Jacob Harris,WR,JAC,9,0,0,0,0,0,0,0,0,0,0,0,0,3.7,46.5,12.56756757,0.2,0,0,0,0,0,0,0,0,0,0,6.1
479,Easop Winston Jr.,WR,SEA,5,0,0,0,0,0,0,0,0,1.9,0,0,0,3.5,46.2,13.2,0.2,0,0,0,0,0,0,0,0,0,0,6.1
480,KeeSean Johnson,WR,BUF,13,0,0,0,0,0,0,0,0,0,0,0,0,3.6,41.2,11.44444444,0.3,0,0,0,0,0,0,0,0,0,0,6
481,Jalen Virgil,WR,DEN,9,0,0,0,0,0,0,0,0,0,0,0,0,3.4,43.3,12.73529412,0.3,0,0,0,0,0,0,0,0,0,0,5.9
482,Keelan Doss,WR,LAC,5,0,0,0,0,0,0,0,0,3.4,0,0,0,2.4,40.2,16.75,0.2,0,0,0,0,0,0,0,0,0,0,5.7
483,Brandon Johnson,WR,DEN,9,0,0,0,0,0,0,0,0,0.7,0,0,0,3.5,42.9,12.25714286,0.2,0,0,0,0,0,0,0,0,0,0,5.7
484,Jaelon Darden,WR,CLE,5,0,0,0,0,0,0,0,0,2.8,0,0,0,2.3,44.1,19.17391304,0.2,0,0,0,0,0,0,0,0,0,0,5.7
485,Andre Baccellia,WR,ARI,14,0,0,0,0,0,0,0,0,0,0,0,0,3.7,46.2,12.48648649,0.2,0,0,0,0,0,0,0,0,0,0,5.6
486,Austin Trammell,WR,LAR,10,0,0,0,0,0,0,0,0,0,0,0,0,3.3,42.7,12.93939394,0.2,0,0,0,0,0,0,0,0,0,0,5.3
487,C.J. Saunders,WR,CAR,7,0,0,0,0,0,0,0,0,0,0,0,0,3.4,40.2,11.82352941,0.2,0,0,0,0,0,0,0,0,0,0,5.1
488,Trent Taylor,WR,CIN,7,0,0,0,0,0,0,0,0,5.8,0,0,0,2.3,32.2,14,0.2,0,0,0,0,0,0,0,0,0,0,5.1
489,Kawaan Baker,WR,NO,11,0,0,0,0,0,0,0,0,0,0,0,0,3.3,40,12.12121212,0.2,0,0,0,0,0,0,0,0,0,0,5
490,Cam Sims,WR,LV,13,0,0,0,0,0,0,0,0.1,0.3,3,0,0,3.4,44.8,13.17647059,0.1,0,0,0,0,0,0,0,0,0,0,5
491,Keke Coutee,WR,MIA,10,0,0,0,0,0,0,0,0,0,0,0,0,3.4,39,11.47058824,0.2,0,0,0,0,0,0,0,0,0,0,4.9
492,Dez Fitzpatrick,WR,PIT,6,0,0,0,0,0,0,0,0,0,0,0,0,3.2,39,12.1875,0.2,0,0,0,0,0,0,0,0,0,0,4.9
493,Keelan Cole Sr.,WR,LV,13,0,0,0,0,0,0,0,0,0,0,0,0,3.3,38.8,11.75757576,0.2,0,0,0,0,0,0,0,0,0,0,4.9
494,Michael Woods II,WR,CLE,5,0,0,0,0,0,0,0,0,0,0,0,0,3.1,38.7,12.48387097,0.2,0,0,0,0,0,0,0,0,0,0,4.9
495,Cody White,WR,PIT,6,0,0,0,0,0,0,0,0,0,0,0,0,3.3,38.6,11.6969697,0.2,0,0,0,0,0,0,0,0,0,0,4.9
496,Mason Kinsey,WR,TEN,7,0,0,0,0,0,0,0,0,0,0,0,0,3.1,38.5,12.41935484,0.2,0,0,0,0,0,0,0,0,0,0,4.9
497,Anthony Schwartz,WR,CLE,5,0,0,0,0,0,0,0,0,0,0,0,0,3,38.5,12.83333333,0.2,0,0,0,0,0,0,0,0,0,0,4.9
498,Dax Milne,WR,WAS,14,0,0,0,0,0,0,0,0.1,1.7,17,0,0,4,40.5,10.125,0.2,0.2,0,0,0,0,0,0,0,0,0,4.8
499,Bryce Ford-Wheaton,WR,NYG,13,0,0,0,0,0,0,0,0.2,1.2,6,0,0,0,46.6,0,0,0,0,0,0,0,0,0,0,0,0,4.8
500,Jalen Brooks,WR,DAL,7,0,0,0,0,0,0,0,0.2,1.2,6,0,0,0,46.6,0,0,0,0,0,0,0,0,0,0,0,0,4.8
501,Racey McMath,WR,TEN,7,0,0,0,0,0,0,0,0.2,1,5,0,0,3,41.5,13.83333333,0.1,0,0,0,0,0,0,0,0,0,0,4.8
502,N'Keal Harry,WR,MIN,13,0,0,0,0,0,0,0,0.4,3,7.5,0,0,0,46.1,0,0,0.1,0,0,0,0,0,0,0,0,0,4.7
503,Tylan Wallace,WR,BAL,13,0,0,0,0,0,0,0,0.2,1,5,0,0,3,40.1,13.36666667,0.1,0,0,0,0,0,0,0,0,0,0,4.6
504,Chris Conley,WR,SF,9,0,0,0,0,0,0,0,0,0,0,0,0,3,34.8,11.6,0.2,0,0,0,0,0,0,0,0,0,0,4.6
505,Jalen Camp,WR,HOU,7,0,0,0,0,0,0,0,0,3.4,0,0,0,2.1,32.4,15.42857143,0.1,0,0,0,0,0,0,0,0,0,0,4.5
506,Vyncint Smith,WR,IND,11,0,0,0,0,0,0,0,0,0,0,0,0,2.8,35,12.5,0.2,0,0,0,0,0,0,0,0,0,0,4.5
507,Mike Strachan,WR,IND,11,0,0,0,0,0,0,0,0,0,0,0,0,2.8,35,12.5,0.2,0,0,0,0,0,0,0,0,0,0,4.5
508,Josh Ali,WR,ATL,11,0,0,0,0,0,0,0,0,0,0,0,0,2.8,32.3,11.53571429,0.2,0,0,0,0,0,0,0,0,0,0,4.3
509,Daurice Fountain,WR,CHI,13,0,0,0,0,0,0,0,0,0,0,0,0,2.5,29.3,11.72,0.2,0,0,0,0,0,0,0,0,0,0,3.9
510,Greg Ward,WR,PHI,10,0,0,0,0,0,0,0,0,0.2,0,0,0,2.5,30.2,12.08,0.2,0,0,0,0,0,0,0,0,0,0,3.9
511,Nsimba Webster,WR,CHI,13,0,0,0,0,0,0,0,0,0,0,0,0,2.5,29.1,11.64,0.2,0,0,0,0,0,0,0,0,0,0,3.9
512,Keith Kirkwood,WR,NO,11,0,0,0,0,0,0,0,0,0.1,0,0,0,2.4,30.2,12.58333333,0.1,0,0,0,0,0,0,0,0,0,0,3.9
513,James Proche II,WR,BAL,13,0,0,0,0,0,0,0,0,0.8,0,0,0,1.8,31.4,17.44444444,0.1,0,0,0,0,0,0,0,0,0,0,3.8
514,Miles Boykin,WR,PIT,6,0,0,0,0,0,0,0,0,0.3,0,0,0,1.6,28.4,17.75,0.1,0,0,0,0,0,0,0,0,0,0,3.5
515,Alex Erickson,WR,NYJ,7,0,0,0,0,0,0,0,0,0.2,0,0,0,1.9,23.7,12.47368421,0.1,0,0,0,0,0,0,0,0,0,0,3.1
516,Breshad Perriman,WR,IND,11,0,0,0,0,0,0,0,0,0.7,0,0,0,0.9,14.7,16.33333333,0.1,0,0,0,0,0,0,0,0,0,0,2
517,Jason Brownlee,WR,NYJ,7,0,0,0,0,0,0,0,0,0.4,0,0,0,0.8,9.7,12.125,0.1,0,0,0,0,0,0,0,0,0,0,1.5
518,Kirk Merritt,WR,NO,11,0,0,0,0,0,0,0,0,0.3,0,0,0,0.1,5.9,59,0,0,0,0,0,0,0,0,0,0,0,0.8
519,Laquon Treadwell,WR,BAL,13,0,0,0,0,0,0,0,0,0,0,0,0,0.1,2.4,24,0,0,0,0,0,0,0,0,0,0,0,0.2
520,Travis Kelce,TE,KC,10,0,0,0,0,0,0,0,0,0,0,0,0,105.5,1236.50,11.72037915,9.9,0.6,0,0,0,0,0,0,0,0,0,181.8
521,Mark Andrews,TE,BAL,13,0,0,0,0,0,0,0,0,0,0,0,0,74.8,885.9,11.84358289,6.4,0.2,0,0,0,0,0,0,0,0,0,128.4
522,T.J. Hockenson,TE,MIN,13,0,0,0,0,0,0,0,0,0,0,0,0,80.9,833.5,10.30284302,5.7,0.5,0,0,0,0,0,0,0,0,0,116.6
523,George Kittle,TE,SF,9,0,0,0,0,0,0,0,0,0,0,0,0,60.4,779.1,12.89900662,5.9,0.5,0,0,0,0,0,0,0,0,0,113.1
524,Darren Waller,TE,NYG,13,0,0,0,0,0,0,0,0,0,0,0,0,65.9,799.6,12.13353566,4.9,0.3,0,0,0,0,0,0,0,0,0,108.6
525,Kyle Pitts,TE,ATL,11,0,0,0,0,0,0,0,0,0,0,0,0,59.5,790,13.27731092,4,0.1,0,0,0,0,0,0,0,0,0,102.9
526,Dallas Goedert,TE,PHI,10,0,0,0,0,0,0,0,0,0,0,0,0,64.2,738.1,11.49688474,4.1,0.5,0,0,0,0,0,0,0,0,0,97.5
527,Pat Freiermuth,TE,PIT,6,0,0,0,0,0,0,0,0,0,0,0,0,59.7,634.9,10.63484087,4.1,0.2,0,0,0,0,0,0,0,0,0,87.5
528,Evan Engram,TE,JAC,9,0,0,0,0,0,0,0,0,0,0,0,0,62.6,653.3,10.43610224,3.6,0.2,0,0,0,0,0,0,0,0,0,87.4
529,David Njoku,TE,CLE,5,0,0,0,0,0,0,0,0,0,0,0,0,52.8,577.8,10.94318182,4.3,0.4,0,0,0,0,0,0,0,0,0,83.4
530,Chigoziem Okonkwo,TE,TEN,7,0,0,0,0,0,0,0,0,0,0,0,0,46.9,572.9,12.21535181,3.8,0.1,0,0,0,0,0,0,0,0,0,82.8
531,Dalton Schultz,TE,HOU,7,0,0,0,0,0,0,0,0,0,0,0,0,56,574.7,10.2625,4.2,0.5,0,0,0,0,0,0,0,0,0,81.5
532,Tyler Higbee,TE,LAR,10,0,0,0,0,0,0,0,0,0,0,0,0,61.3,578.1,9.430668842,3.5,0.1,0,0,0,0,0,0,0,0,0,78.9
533,Greg Dulcich,TE,DEN,9,0,0,0,0,0,0,0,0,0,0,0,0,46.2,569.9,12.33549784,3.6,0.1,0,0,0,0,0,0,0,0,0,78.2
534,Cole Kmet,TE,CHI,13,0,0,0,0,0,0,0,0,0,0,0,0,47.2,510.3,10.81144068,4.2,0.2,0,0,0,0,0,0,0,0,0,75.8
535,Gerald Everett,TE,LAC,5,0,0,0,0,0,0,0,0,0,0,0,0,51.1,527.8,10.32876712,3.7,0.3,0,0,0,0,0,0,0,0,0,74.7
536,Juwan Johnson,TE,NO,11,0,0,0,0,0,0,0,0,0,0,0,0,40.3,476.9,11.8337469,4.2,0.1,0,0,0,0,0,0,0,0,0,72.5
537,Dalton Kincaid,TE,BUF,13,0,0,0,0,0,0,0,0,0,0,0,0,43,492.2,11.44651163,3.9,0.4,0,0,0,0,0,0,0,0,0,72.1
538,Sam LaPorta,TE,DET,9,0,0,0,0,0,0,0,0,0,0,0,0,42.6,466.2,10.94366197,3.5,0.6,0,0,0,0,0,0,0,0,0,66.5
539,Hunter Henry,TE,NE,11,0,0,0,0,0,0,0,0,0,0,0,0,41.1,486.4,11.83454988,2.9,0.1,0,0,0,0,0,0,0,0,0,66.1
540,Irv Smith Jr.,TE,CIN,7,0,0,0,0,0,0,0,0,0,0,0,0,43.4,412.3,9.5,4.1,0.1,0,0,0,0,0,0,0,0,0,65.9
541,Noah Fant,TE,SEA,5,0,0,0,0,0,0,0,0,0,0,0,0,43.7,451.7,10.33638444,2.9,0.1,0,0,0,0,0,0,0,0,0,62.5
542,Dawson Knox,TE,BUF,13,0,0,0,0,0,0,0,0,0,0,0,0,36,401.5,11.15277778,3.5,0.2,0,0,0,0,0,0,0,0,0,61
543,Hayden Hurst,TE,CAR,7,0,0,0,0,0,0,0,0,0,0,0,0,46.3,440,9.503239741,2.9,0.5,0,0,0,0,0,0,0,0,0,60.5
544,Zach Ertz,TE,ARI,14,0,0,0,0,0,0,0,0,0,0,0,0,44.7,439.5,9.832214765,2.8,0.1,0,0,0,0,0,0,0,0,0,60.2
545,Jelani Woods,TE,IND,11,0,0,0,0,0,0,0,0,0,0,0,0,34.7,425.8,12.27089337,2.9,0.1,0,0,0,0,0,0,0,0,0,59.9
546,Taysom Hill,TE,NO,11,0,0,0,0,0,0,0,0,0,0,0,0,14.3,192.3,13.44755245,1.7,1.1,0,0,0,0,0,0,0,0,0,59.6
547,Cade Otton,TE,TB,5,0,0,0,0,0,0,0,0,0,0,0,0,45.2,451.9,9.997787611,2.4,0.1,0,0,0,0,0,0,0,0,0,59.4
548,Tyler Conklin,TE,NYJ,7,0,0,0,0,0,0,0,0,0,0,0,0,45.2,424.5,9.39159292,2.4,0.1,0,0,0,0,0,0,0,0,0,56.8
549,Mike Gesicki,TE,NE,11,0,0,0,0,0,0,0,0,0,0,0,0,35.4,404.6,11.42937853,2.6,0.1,0,0,0,0,0,0,0,0,0,56.1
550,Michael Mayer,TE,LV,13,0,0,0,0,0,0,0,0,0,0,0,0,37.8,394.4,10.43386243,2.6,0.4,0,0,0,0,0,0,0,0,0,54.3
551,Jake Ferguson,TE,DAL,7,0,0,0,0,0,0,0,0,0,0,0,0,37.3,370.8,9.941018767,2.9,0.1,0,0,0,0,0,0,0,0,0,54.3
552,Logan Thomas,TE,WAS,14,0,0,0,0,0,0,0,0,0,0,0,0,42.6,409.3,9.607981221,2.2,0.1,0,0,0,0,0,0,0,0,0,53.6
553,Luke Musgrave,TE,GB,6,0,0,0,0,0,0,0,0,0,0,0,0,34.9,368.5,10.55873926,2.3,0.4,0,0,0,0,0,0,0,0,0,50.3
554,Trey McBride,TE,ARI,14,0,0,0,0,0,0,0,0,0,0,0,0,35.7,378.1,10.59103641,2,0.1,0,0,0,0,0,0,0,0,0,49.7
555,Isaiah Likely,TE,BAL,13,0,0,0,0,0,0,0,0,0,0,0,0,24,294.7,12.27916667,2.1,0,0,0,0,0,0,0,0,0,0,42.3
556,Austin Hooper,TE,LV,13,0,0,0,0,0,0,0,0,0,0,0,0,28.2,298.6,10.58865248,1.7,0,0,0,0,0,0,0,0,0,0,40
557,Noah Gray,TE,KC,10,0,0,0,0,0,0,0,0,0,0,0,0,22.2,240.4,10.82882883,1.4,0,0,0,0,0,0,0,0,0,0,33
558,Luke Schoonmaker,TE,DAL,7,0,0,0,0,0,0,0,0,0,0,0,0,21,236.2,11.24761905,1.5,0.3,0,0,0,0,0,0,0,0,0,32
559,Donald Parham Jr.,TE,LAC,5,0,0,0,0,0,0,0,0,0,0,0,0,17.7,208.3,11.76836158,1.6,0,0,0,0,0,0,0,0,0,0,30.4
560,Jonnu Smith,TE,ATL,11,0,0,0,0,0,0,0,0,0,0,0,0,19.6,222.5,11.35204082,1.2,0,0,0,0,0,0,0,0,0,0,30.4
561,Foster Moreau,TE,NO,11,0,0,0,0,0,0,0,0,0,0,0,0,16.7,232.1,13.89820359,1.2,0.4,0,0,0,0,0,0,0,0,0,29.6
562,Will Dissly,TE,SEA,5,0,0,0,0,0,0,0,0,0,0,0,0,20.9,222,10.62200957,1.2,0.1,0,0,0,0,0,0,0,0,0,29.5
563,Brock Wright,TE,DET,9,0,0,0,0,0,0,0,0,0,0,0,0,16.8,178,10.5952381,1.9,0,0,0,0,0,0,0,0,0,0,29.3
564,Robert Tonyan,TE,CHI,13,0,0,0,0,0,0,0,0,0,0,0,0,18.4,205.3,11.1576087,1.4,0,0,0,0,0,0,0,0,0,0,29.1
565,C.J. Uzomah,TE,NYJ,7,0,0,0,0,0,0,0,0,0,0,0,0,18,190.1,10.56111111,1.4,0,0,0,0,0,0,0,0,0,0,27.3
566,Adam Trautman,TE,DEN,9,0,0,0,0,0,0,0,0,0,0,0,0,18.4,209.8,11.40217391,1.1,0.2,0,0,0,0,0,0,0,0,0,27.1
567,Kylen Granson,TE,IND,11,0,0,0,0,0,0,0,0,0,0,0,0,18.9,213.1,11.27513228,0.8,0,0,0,0,0,0,0,0,0,0,26.7
568,Durham Smythe,TE,MIA,10,0,0,0,0,0,0,0,0,0,0,0,0,20.3,197.7,9.738916256,1.1,0,0,0,0,0,0,0,0,0,0,26.7
569,Jordan Akins,TE,CLE,5,0,0,0,0,0,0,0,0,0,0,0,0,16.3,197.3,12.10429448,1.1,0.1,0,0,0,0,0,0,0,0,0,26.3
570,Brenton Strange,TE,JAC,9,0,0,0,0,0,0,0,0,0,0,0,0,20.4,186,9.117647059,1.3,0.3,0,0,0,0,0,0,0,0,0,25.8
571,Josiah Deguara,TE,GB,6,0,0,0,0,0,0,0,0,0,0,0,0,20.4,188.2,9.225490196,1.1,0,0,0,0,0,0,0,0,0,0,25.3
572,Harrison Bryant,TE,CLE,5,0,0,0,0,0,0,0,0,0,0,0,0,17.5,181.2,10.35428571,1.1,0.2,0,0,0,0,0,0,0,0,0,24.1
573,Mo Alie-Cox,TE,IND,11,0,0,0,0,0,0,0,0,0,0,0,0,12.8,166.1,12.9765625,1.3,0.4,0,0,0,0,0,0,0,0,0,23.8
574,Jimmy Graham,TE,NO,11,0,0,0,0,0,0,0,0,0,0,0,0,16.3,166.6,10.2208589,1,0.1,0,0,0,0,0,0,0,0,0,22.8
575,Tucker Kraft,TE,GB,6,0,0,0,0,0,0,0,0,0,0,0,0,14.3,171,11.95804196,1,0.3,0,0,0,0,0,0,0,0,0,22.7
576,Josh Oliver,TE,MIN,13,0,0,0,0,0,0,0,0,0,0,0,0,15.6,156.1,10.00641026,1.2,0,0,0,0,0,0,0,0,0,0,22.6
577,Tommy Tremble,TE,CAR,7,0,0,0,0,0,0,0,0,0,0,0,0,15.2,147.7,9.717105263,1.4,0.4,0,0,0,0,0,0,0,0,0,22.4
578,Elijah Higgins,TE,MIA,10,0,0,0,0,0,0,0,0,0,0,0,0,11,173.4,15.76363636,0.7,0.1,0,0,0,0,0,0,0,0,0,21.4
579,Colby Parkinson,TE,SEA,5,0,0,0,0,0,0,0,0,0,0,0,0,14,163.5,11.67857143,0.8,0,0,0,0,0,0,0,0,0,0,21.4
580,Ian Thomas,TE,CAR,7,0,0,0,0,0,0,0,0,0,0,0,0,17,165.2,9.717647059,0.8,0,0,0,0,0,0,0,0,0,0,21.1
581,Brevin Jordan,TE,HOU,7,0,0,0,0,0,0,0,0,0,0,0,0,13,167.2,12.86153846,0.7,0,0,0,0,0,0,0,0,0,0,20.9
582,Darnell Washington,TE,PIT,6,0,0,0,0,0,0,0,0,0,0,0,0,13.3,169.4,12.73684211,0.7,0.3,0,0,0,0,0,0,0,0,0,20.9
583,Teagan Quitoriano,TE,HOU,7,0,0,0,0,0,0,0,0,0,0,0,0,12.4,148,11.93548387,1,0.1,0,0,0,0,0,0,0,0,0,20.7
584,Daniel Bellinger,TE,NYG,13,0,0,0,0,0,0,0,0,0,0,0,0,13.5,162.7,12.05185185,0.8,0.3,0,0,0,0,0,0,0,0,0,20.6
585,Lawrence Cager,TE,NYG,13,0,0,0,0,0,0,0,0,0,0,0,0,11.5,134,11.65217391,1,0,0,0,0,0,0,0,0,0,0,19.7
586,Albert Okwuegbunam,TE,DEN,9,0,0,0,0,0,0,0,0,0,0,0,0,8.8,150.1,17.05681818,0.8,0.3,0,0,0,0,0,0,0,0,0,19.6
587,Charlie Kolar,TE,BAL,13,0,0,0,0,0,0,0,0,0,0,0,0,11.8,138.3,11.72033898,0.8,0,0,0,0,0,0,0,0,0,0,18.9
588,Brycen Hopkins,TE,LAR,10,0,0,0,0,0,0,0,0,0,0,0,0,11.8,140,11.86440678,0.8,0,0,0,0,0,0,0,0,0,0,18.8
589,Peyton Hendershot,TE,DAL,7,0,0,0,0,0,0,0,0,0,0,0,0,9.2,121,13.15217391,1,0.1,0,0,0,0,0,0,0,0,0,18.5
590,Eric Saubert,TE,MIA,10,0,0,0,0,0,0,0,0,0,0,0,0,13.7,130.3,9.510948905,0.9,0,0,0,0,0,0,0,0,0,0,18.4
591,Blake Bell,TE,KC,10,0,0,0,0,0,0,0,0,0,0,0,0,11.4,90.9,7.973684211,1,0,0,0,0,0,0,0,0,0,0,17.2
592,John Bates,TE,WAS,14,0,0,0,0,0,0,0,0,0,0,0,0,13.4,132.5,9.888059701,0.6,0,0,0,0,0,0,0,0,0,0,17
593,Dan Arnold,TE,PHI,10,0,0,0,0,0,0,0,0,0,0,0,0,8.3,127.2,15.3253012,0.7,0.1,0,0,0,0,0,0,0,0,0,17
594,Hunter Long,TE,LAR,10,0,0,0,0,0,0,0,0,0,0,0,0,10.3,125.6,12.19417476,0.7,0.1,0,0,0,0,0,0,0,0,0,16.7
595,Miller Forristall,TE,CLE,5,0,0,0,0,0,0,0,0,0,0,0,0,10,105,10.5,1,0,0,0,0,0,0,0,0,0,0,16.5
596,Payne Durham,TE,TB,5,0,0,0,0,0,0,0,0,0,0,0,0,13.9,125.5,9.028776978,0.7,0.4,0,0,0,0,0,0,0,0,0,16.5
597,Cameron Latu,TE,SF,9,0,0,0,0,0,0,0,0,0,0,0,0,11.5,117.4,10.20869565,0.8,0,0,0,0,0,0,0,0,0,0,16.4
598,Ko Kieft,TE,TB,5,0,0,0,0,0,0,0,0,0,0,0,0,11.5,117.7,10.23478261,0.7,0.1,0,0,0,0,0,0,0,0,0,16
599,Connor Heyward,TE,PIT,6,0,0,0,0,0,0,0,0,0,0,0,0,9,101.9,11.32222222,0.7,0.1,0,0,0,0,0,0,0,0,0,15.7
600,Geoff Swaim,TE,ARI,14,0,0,0,0,0,0,0,0,0,0,0,0,20.9,110.4,5.282296651,0.7,0,0,0,0,0,0,0,0,0,0,15.2
601,James Mitchell,TE,DET,9,0,0,0,0,0,0,0,0,0,0,0,0,8.7,111.7,12.83908046,0.7,0,0,0,0,0,0,0,0,0,0,15
602,Tre' McKitty,TE,LAC,5,0,0,0,0,0,0,0,0,0,0,0,0,10.6,110.1,10.38679245,0.7,0,0,0,0,0,0,0,0,0,0,15
603,Andrew Ogletree,TE,IND,11,0,0,0,0,0,0,0,0,0,0,0,0,10,88,8.8,1,0,0,0,0,0,0,0,0,0,0,14.8
604,Josh Whyle,TE,TEN,7,0,0,0,0,0,0,0,0,0,0,0,0,9.2,104.3,11.33695652,0.7,0,0,0,0,0,0,0,0,0,0,14.6
605,Davis Allen,TE,LAR,10,0,0,0,0,0,0,0,0,0,0,0,0,16.2,101.8,6.283950617,0.8,0.4,0,0,0,0,0,0,0,0,0,14.4
606,Andrew Beck,TE,HOU,7,0,0,0,0,0,0,0,0,0,0,0,0,8.6,85.9,9.988372093,0.7,0,0,0,0,0,0,0,0,0,0,14.1
607,Zack Kuntz,TE,NYJ,7,0,0,0,0,0,0,0,0,0,0,0,0,7.1,104.4,14.70422535,0.5,0,0,0,0,0,0,0,0,0,0,13.5
608,Jeremy Ruckert,TE,NYJ,7,0,0,0,0,0,0,0,0,0,0,0,0,6.2,100.2,16.16129032,0.5,0,0,0,0,0,0,0,0,0,0,13.1
609,Jack Stoll,TE,PHI,10,0,0,0,0,0,0,0,0,0,0,0,0,10,105.8,10.58,0.4,0,0,0,0,0,0,0,0,0,0,13.1
610,Tyler Kroft,TE,MIA,10,0,0,0,0,0,0,0,0,0,0,0,0,7.2,89.1,12.375,0.6,0,0,0,0,0,0,0,0,0,0,12.7
611,Zach Gentry,TE,PIT,6,0,0,0,0,0,0,0,0,0,0,0,0,10.6,94.2,8.886792453,0.5,0,0,0,0,0,0,0,0,0,0,12.6
612,Cole Turner,TE,WAS,14,0,0,0,0,0,0,0,0,0,0,0,0,4.8,98.6,20.54166667,0.4,0.1,0,0,0,0,0,0,0,0,0,11.9
613,Trevon Wesco,TE,TEN,7,0,0,0,0,0,0,0,0,0,0,0,0,7.9,82.7,10.46835443,0.6,0,0,0,0,0,0,0,0,0,0,11.8
614,Marcedes Lewis,TE,CHI,13,0,0,0,0,0,0,0,0,0,0,0,0,8,49,6.125,1.1,0,0,0,0,0,0,0,0,0,0,11.5
615,Stephen Sullivan,TE,CAR,7,0,0,0,0,0,0,0,0,0,0,0,0,8.8,84,9.545454545,0.5,0,0,0,0,0,0,0,0,0,0,11.4
616,Tanner Hudson,TE,CIN,7,0,0,0,0,0,0,0,0,0,0,0,0,8,86.6,10.825,0.4,0,0,0,0,0,0,0,0,0,0,11.3
617,Will Mallory,TE,IND,11,0,0,0,0,0,0,0,0,0,0,0,0,6.6,79.6,12.06060606,0.5,0,0,0,0,0,0,0,0,0,0,11.2
618,Ross Dwelley,TE,SF,9,0,0,0,0,0,0,0,0,0,0,0,0,3.6,76.2,21.16666667,0.6,0,0,0,0,0,0,0,0,0,0,11.1
619,Jody Fortson,TE,KC,10,0,0,0,0,0,0,0,0,0,0,0,0,6.1,96.4,15.80327869,0.4,0.5,0,0,0,0,0,0,0,0,0,11.1
620,Brayden Willis,TE,SF,9,0,0,0,0,0,0,0,0,0,0,0,0,10,72,7.2,0.7,0,0,0,0,0,0,0,0,0,0,11.1
621,Drew Sample,TE,CIN,7,0,0,0,0,0,0,0,0,0,0,0,0,8.6,78.9,9.174418605,0.5,0.1,0,0,0,0,0,0,0,0,0,10.8
622,Tyree Jackson,TE,PHI,10,0,0,0,0,0,0,0,0,0,0,0,0,0,91,0,0.3,0.1,0,0,0,0,0,0,0,0,0,10.7
623,Quintin Morris,TE,BUF,13,0,0,0,0,0,0,0,0,0,0,0,0,5.7,78.4,13.75438596,0.4,0.1,0,0,0,0,0,0,0,0,0,10.4
624,Luke Farrell,TE,JAC,9,0,0,0,0,0,0,0,0,0,0,0,0,6.5,75.8,11.66153846,0.4,0,0,0,0,0,0,0,0,0,0,10.1
625,Johnny Mundt,TE,MIN,13,0,0,0,0,0,0,0,0,0,0,0,0,6.9,74.5,10.79710145,0.4,0,0,0,0,0,0,0,0,0,0,9.8
626,Jesper Horsted,TE,LV,13,0,0,0,0,0,0,0,0,0,0,0,0,5.8,68.3,11.77586207,0.5,0,0,0,0,0,0,0,0,0,0,9.7
627,Curtis Hodges,TE,WAS,14,0,0,0,0,0,0,0,0,0,0,0,0,6.3,59.6,9.46031746,0.6,0,0,0,0,0,0,0,0,0,0,9.6
628,Armani Rogers,TE,WAS,14,0,0,0,0,0,0,0,0,0,0,0,0,7.3,74.2,10.16438356,0.4,0.1,0,0,0,0,0,0,0,0,0,9.6
629,Chris Manhertz,TE,DEN,9,0,0,0,0,0,0,0,0,0,0,0,0,5.6,69,12.32142857,0.4,0,0,0,0,0,0,0,0,0,0,9.5
630,Stone Smartt,TE,LAC,5,0,0,0,0,0,0,0,0,0,0,0,0,9,59.3,6.588888889,0.6,0,0,0,0,0,0,0,0,0,0,9.3
631,Kevin Rader,TE,TEN,7,0,0,0,0,0,0,0,0,0,0,0,0,5.5,66,12,0.4,0.1,0,0,0,0,0,0,0,0,0,9.2
632,Giovanni Ricci,TE,CAR,7,0,0,0,0,0,0,0,0,0,0,0,0,2.4,63.8,26.58333333,0.3,0.1,0,0,0,0,0,0,0,0,0,8.4
633,Shane Zylstra,TE,DET,9,0,0,0,0,0,0,0,0,0,0,0,0,3.9,66.1,16.94871795,0.3,0.1,0,0,0,0,0,0,0,0,0,8.4
634,Grant Calcaterra,TE,PHI,10,0,0,0,0,0,0,0,0,0,0,0,0,3.4,65.9,19.38235294,0.3,0.1,0,0,0,0,0,0,0,0,0,8.3
635,Mitchell Wilcox,TE,CIN,7,0,0,0,0,0,0,0,0,0,0,0,0,6.3,63.7,10.11111111,0.3,0,0,0,0,0,0,0,0,0,0,7.8
636,Anthony Firkser,TE,NE,11,0,0,0,0,0,0,0,0,0,0,0,0,5.8,54.3,9.362068966,0.4,0,0,0,0,0,0,0,0,0,0,7.5
637,Eric Tomlinson,TE,HOU,7,0,0,0,0,0,0,0,0,0,0,0,0,5.5,49.9,9.072727273,0.4,0,0,0,0,0,0,0,0,0,0,7.2
638,Nick Vannett,TE,HOU,7,0,0,0,0,0,0,0,0,0,0,0,0,4.7,44.3,9.425531915,0.4,0,0,0,0,0,0,0,0,0,0,6.9
639,Charlie Woerner,TE,SF,9,0,0,0,0,0,0,0,0,0,0,0,0,3.4,50.7,14.91176471,0.3,0.1,0,0,0,0,0,0,0,0,0,6.8
640,Devin Asiasi,TE,CIN,7,0,0,0,0,0,0,0,0,0,0,0,0,2.4,52.9,22.04166667,0.2,0.1,0,0,0,0,0,0,0,0,0,6.6
641,Tyler Davis,TE,GB,6,0,0,0,0,0,0,0,0,0,0,0,0,2.5,43.2,17.28,0.3,0.1,0,0,0,0,0,0,0,0,0,6
642,David Wells,TE,TB,5,0,0,0,0,0,0,0,0,0,0,0,0,3.2,31.7,9.90625,0.4,0,0,0,0,0,0,0,0,0,0,5.9
643,Dominique Dafney,TE,TB,5,0,0,0,0,0,0,0,0,0,0,0,0,3.9,39.8,10.20512821,0.3,0,0,0,0,0,0,0,0,0,0,5.8
644,Tanner Conner,TE,MIA,10,0,0,0,0,0,0,0,0,0,0,0,0,3.9,37.7,9.666666667,0.3,0,0,0,0,0,0,0,0,0,0,5.5
645,MyCole Pruitt,TE,ATL,11,0,0,0,0,0,0,0,0,0,0,0,0,0,30.6,0,0.4,0,0,0,0,0,0,0,0,0,0,5.5
646,Jacob Hollister,TE,LV,13,0,0,0,0,0,0,0,0,0,0,0,0,0,23.5,0,0.5,0,0,0,0,0,0,0,0,0,0,5.4
647,Kendall Blanton,TE,KC,10,0,0,0,0,0,0,0,0,0,0,0,0,0,35,0,0.3,0,0,0,0,0,0,0,0,0,0,5.3
648,Parker Hesse,TE,ATL,11,0,0,0,0,0,0,0,0,0,0,0,0,2,44.6,22.3,0.1,0,0,0,0,0,0,0,0,0,0,5.1
649,Mason Schreck,TE,HOU,7,0,0,0,0,0,0,0,0,0,0,0,0,3.6,35.2,9.777777778,0.2,0,0,0,0,0,0,0,0,0,0,5
650,Dalton Keene,TE,HOU,7,0,0,0,0,0,0,0,0,0,0,0,0,3.6,35.1,9.75,0.2,0,0,0,0,0,0,0,0,0,0,5
651,Tommy Sweeney,TE,NYG,13,0,0,0,0,0,0,0,0,0,0,0,0,3.7,34,9.189189189,0.3,0,0,0,0,0,0,0,0,0,0,4.9
652,Noah Togiai,TE,ARI,14,0,0,0,0,0,0,0,0,0,0,0,0,3,32.8,10.93333333,0.3,0,0,0,0,0,0,0,0,0,0,4.9
653,Chris Myarick,TE,NYG,13,0,0,0,0,0,0,0,0,0,0,0,0,3.7,33,8.918918919,0.2,0,0,0,0,0,0,0,0,0,0,4.5
654,Tyler Mabry,TE,SEA,5,0,0,0,0,0,0,0,0,0,0,0,0,2.8,29.7,10.60714286,0.2,0,0,0,0,0,0,0,0,0,0,4.3
655,Feleipe Franks,TE,ATL,11,0,0,0,0,0,0,0,0,0,0,0,0,3.1,29,9.35483871,0.2,0,0,0,0,0,0,0,0,0,0,4.2
656,Kaden Smith,TE,WAS,14,0,0,0,0,0,0,0,0,0,0,0,0,3.2,29.2,9.125,0.2,0,0,0,0,0,0,0,0,0,0,3.9
657,Reggie Gilliam,TE,BUF,13,0,0,0,0,0,0,0,0,0,0,0,0,3.6,19.6,5.444444444,0.2,0,0,0,0,0,0,0,0,0,0,3.7
658,Matt Sokol,TE,NE,11,0,0,0,0,0,0,0,0,0,0,0,0,1.7,17.2,10.11764706,0.3,0,0,0,0,0,0,0,0,0,0,3.6
659,Sean McKeon,TE,DAL,7,0,0,0,0,0,0,0,0,0,0,0,0,1,17.8,17.8,0.3,0,0,0,0,0,0,0,0,0,0,3.5
660,Pharaoh Brown,TE,IND,11,0,0,0,0,0,0,0,0,0,0,0,0,1.9,26.8,14.10526316,0.1,0.1,0,0,0,0,0,0,0,0,0,3.1
661,Hunter Kampmoyer,TE,LAC,5,0,0,0,0,0,0,0,0,0,0,0,0,0.5,3.9,7.8,0.1,0,0,0,0,0,0,0,0,0,0,0.8
662,Ben Mason,TE,BAL,13,0,0,0,0,0,0,0,0,0,0,0,0,0.3,2,6.666666667,0,0,0,0,0,0,0,0,0,0,0,0.2
663,Zane Gonzalez,K,SF,9,0,0,0,0,0,0,0,0,0,0,0,0,0,0,0,0,0,0,0,0,0,0,0,29.8,35.8,41,130.5
664,Greg Joseph,K,MIN,13,0,0,0,0,0,0,0,0,0,0,0,0,0,0,0,0,0,0,0,0,0,0,0,28.2,33.7,40.1,124.9
665,Justin Tucker,K,BAL,13,0,0,0,0,0,0,0,0,0,0,0,0,0,0,0,0,0,0,0,0,0,0,0,27.8,31.7,40.9,124.3
666,Jason Myers,K,SEA,5,0,0,0,0,0,0,0,0,0,0,0,0,0,0,0,0,0,0,0,0,0,0,0,28.5,33.1,38.9,124.3
667,Harrison Butker,K,KC,10,0,0,0,0,0,0,0,0,0,0,0,0,0,0,0,0,0,0,0,0,0,0,0,24.9,29.3,49.5,124.1
668,Evan McPherson,K,CIN,7,0,0,0,0,0,0,0,0,0,0,0,0,0,0,0,0,0,0,0,0,0,0,0,26.6,31.7,43.2,123.1
669,Tyler Bass,K,BUF,13,0,0,0,0,0,0,0,0,0,0,0,0,0,0,0,0,0,0,0,0,0,0,0,26.5,32,43.5,123
670,Daniel Carlson,K,LV,13,0,0,0,0,0,0,0,0,0,0,0,0,0,0,0,0,0,0,0,0,0,0,0,29,33.7,35.5,122.5
671,Jake Elliott,K,PHI,10,0,0,0,0,0,0,0,0,0,0,0,0,0,0,0,0,0,0,0,0,0,0,0,25.5,29.2,44.6,121.3
672,Younghoe Koo,K,ATL,11,0,0,0,0,0,0,0,0,0,0,0,0,0,0,0,0,0,0,0,0,0,0,0,28.8,33.6,34.5,120.9
673,Graham Gano,K,NYG,13,0,0,0,0,0,0,0,0,0,0,0,0,0,0,0,0,0,0,0,0,0,0,0,28.8,33,32.7,119
674,Riley Patterson,K,DET,9,0,0,0,0,0,0,0,0,0,0,0,0,0,0,0,0,0,0,0,0,0,0,0,26,31.4,40.9,118.9
675,Brandon McManus,K,JAC,9,0,0,0,0,0,0,0,0,0,0,0,0,0,0,0,0,0,0,0,0,0,0,0,28.1,34,34.3,118.5
676,Cameron Dicker,K,LAC,5,0,0,0,0,0,0,0,0,0,0,0,0,0,0,0,0,0,0,0,0,0,0,0,26.5,32.1,38.7,118.2
677,Jason Sanders,K,MIA,10,0,0,0,0,0,0,0,0,0,0,0,0,0,0,0,0,0,0,0,0,0,0,0,27.4,33.2,35.1,117.4
678,Cairo Santos,K,CHI,13,0,0,0,0,0,0,0,0,0,0,0,0,0,0,0,0,0,0,0,0,0,0,0,26.8,31.4,35.6,116.1
679,Jake Moody,K,SF,9,0,0,0,0,0,0,0,0,0,0,0,0,0,0,0,0,0,0,0,0,0,0,0,25.4,31,40,116.1
680,Chase McLaughlin,K,TB,5,0,0,0,0,0,0,0,0,0,0,0,0,0,0,0,0,0,0,0,0,0,0,0,26.4,30.9,36.2,115.4
681,Nick Folk,K,NE,11,0,0,0,0,0,0,0,0,0,0,0,0,0,0,0,0,0,0,0,0,0,0,0,26.9,30.6,34.3,115
682,Wil Lutz,K,NO,11,0,0,0,0,0,0,0,0,0,0,0,0,0,0,0,0,0,0,0,0,0,0,0,25.5,31.2,38.2,114.8
683,Eddy Pineiro,K,CAR,7,0,0,0,0,0,0,0,0,0,0,0,0,0,0,0,0,0,0,0,0,0,0,0,27.6,31.7,31.6,114.4
684,Chris Boswell,K,PIT,6,0,0,0,0,0,0,0,0,0,0,0,0,0,0,0,0,0,0,0,0,0,0,0,26.9,32.6,33.2,113.9
685,Greg Zuerlein,K,NYJ,7,0,0,0,0,0,0,0,0,0,0,0,0,0,0,0,0,0,0,0,0,0,0,0,27.2,35,32.2,113.7
686,Brett Maher,K,DEN,9,0,0,0,0,0,0,0,0,0,0,0,0,0,0,0,0,0,0,0,0,0,0,0,27,31.7,32.4,113.3
687,Cade York,K,CLE,5,0,0,0,0,0,0,0,0,0,0,0,0,0,0,0,0,0,0,0,0,0,0,0,25,31.7,38.2,113.3
688,Dustin Hopkins,K,LAC,5,0,0,0,0,0,0,0,0,0,0,0,0,0,0,0,0,0,0,0,0,0,0,0,25.7,31.5,36.1,113.1
689,Matt Gay,K,IND,11,0,0,0,0,0,0,0,0,0,0,0,0,0,0,0,0,0,0,0,0,0,0,0,26.8,31.4,32.5,112.9
690,Brandon Aubrey,K,DAL,7,0,0,0,0,0,0,0,0,0,0,0,0,0,0,0,0,0,0,0,0,0,0,0,24.1,29.4,39.6,111.8
691,Matt Prater,K,ARI,14,0,0,0,0,0,0,0,0,0,0,0,0,0,0,0,0,0,0,0,0,0,0,0,25.7,30.8,34,111.1
692,Anders Carlson,K,GB,6,0,0,0,0,0,0,0,0,0,0,0,0,0,0,0,0,0,0,0,0,0,0,0,24,29.2,38.8,110.9
693,Ka'imi Fairbairn,K,HOU,7,0,0,0,0,0,0,0,0,0,0,0,0,0,0,0,0,0,0,0,0,0,0,0,26.7,31.2,29.8,110
694,Chad Ryland,K,NE,11,0,0,0,0,0,0,0,0,0,0,0,0,0,0,0,0,0,0,0,0,0,0,0,24.9,29.9,32.6,107.2
695,Rodrigo Blankenship,K,TB,5,0,0,0,0,0,0,0,0,0,0,0,0,0,0,0,0,0,0,0,0,0,0,0,23.9,28.3,34.7,106.4
696,Tanner Brown,K,LAR,10,0,0,0,0,0,0,0,0,0,0,0,0,0,0,0,0,0,0,0,0,0,0,0,23.9,28.9,33.6,105.4
697,Joey Slye,K,WAS,14,0,0,0,0,0,0,0,0,0,0,0,0,0,0,0,0,0,0,0,0,0,0,0,25.5,30.8,28.2,104.7
698,Caleb Shudak,K,TEN,7,0,0,0,0,0,0,0,0,0,0,0,0,0,0,0,0,0,0,0,0,0,0,0,20.2,24.2,22.2,82.8
699,Dallas Cowboys,DST,DAL,7,0,0,0,0,0,0,0,0,0,0,0,0,0,0,0,0,0,14.5,11.9,46.6,18.7,359.1,5676.10,0,0,0,115.8
700,Philadelphia Eagles,DST,PHI,10,0,0,0,0,0,0,0,0,0,0,0,0,0,0,0,0,0,12.6,9.5,53.4,16.1,359.2,5566.40,0,0,0,114.5
701,New England Patriots,DST,NE,11,0,0,0,0,0,0,0,0,0,0,0,0,0,0,0,0,0,14.8,9.4,45.3,13.8,358.8,5704.10,0,0,0,111.3
702,Pittsburgh Steelers,DST,PIT,6,0,0,0,0,0,0,0,0,0,0,0,0,0,0,0,0,0,14.9,8.8,49.8,13,349.4,5616.10,0,0,0,109.4
703,Indianapolis Colts,DST,IND,11,0,0,0,0,0,0,0,0,0,0,0,0,0,0,0,0,0,13.9,11,44,16.6,387.1,5670.20,0,0,0,109.2
704,Cleveland Browns,DST,CLE,5,0,0,0,0,0,0,0,0,0,0,0,0,0,0,0,0,0,14.3,9.7,45.6,15,364.9,5571.40,0,0,0,109.1
705,San Francisco 49ers,DST,SF,9,0,0,0,0,0,0,0,0,0,0,0,0,0,0,0,0,0,13.4,10,47.7,16,315.1,5503.10,0,0,0,108.2
706,Kansas City Chiefs,DST,KC,10,0,0,0,0,0,0,0,0,0,0,0,0,0,0,0,0,0,13,9.7,46.8,14.7,373.5,5737.70,0,0,0,108
707,Washington Commanders,DST,WAS,14,0,0,0,0,0,0,0,0,0,0,0,0,0,0,0,0,0,12.9,9.5,47.8,15.4,380.2,5656.90,0,0,0,107.4
708,Miami Dolphins,DST,MIA,10,0,0,0,0,0,0,0,0,0,0,0,0,0,0,0,0,0,13.7,9.6,45.9,15.1,366.8,5593.00,0,0,0,107.2
709,New Orleans Saints,DST,NO,11,0,0,0,0,0,0,0,0,0,0,0,0,0,0,0,0,0,14,9.1,46.6,12.9,335.2,5333.40,0,0,0,106.7
710,Buffalo Bills,DST,BUF,13,0,0,0,0,0,0,0,0,0,0,0,0,0,0,0,0,0,14.9,9.6,43.6,13.6,327.4,5572.80,0,0,0,106.2
711,Green Bay Packers,DST,GB,6,0,0,0,0,0,0,0,0,0,0,0,0,0,0,0,0,0,15.1,8.9,42.7,13.5,370.5,5807.00,0,0,0,106
712,New York Jets,DST,NYJ,7,0,0,0,0,0,0,0,0,0,0,0,0,0,0,0,0,0,13.5,8.7,45.3,13.4,354.1,5495.10,0,0,0,105.4
713,Seattle Seahawks,DST,SEA,5,0,0,0,0,0,0,0,0,0,0,0,0,0,0,0,0,0,13.6,9.9,43.9,15.7,380.7,5943.20,0,0,0,104.7
714,Los Angeles Chargers,DST,LAC,5,0,0,0,0,0,0,0,0,0,0,0,0,0,0,0,0,0,14.2,9.8,42.6,15.4,399.8,6126.70,0,0,0,104.1
715,Minnesota Vikings,DST,MIN,13,0,0,0,0,0,0,0,0,0,0,0,0,0,0,0,0,0,13.9,9.9,42.5,14.5,420.9,6114.10,0,0,0,103.7
716,Detroit Lions,DST,DET,9,0,0,0,0,0,0,0,0,0,0,0,0,0,0,0,0,0,13.3,10.1,42.2,15.9,410.9,6168.40,0,0,0,103.6
717,Houston Texans,DST,HOU,7,0,0,0,0,0,0,0,0,0,0,0,0,0,0,0,0,0,13.9,10.6,41.2,15,391.6,5748.10,0,0,0,103.5
718,Baltimore Ravens,DST,BAL,13,0,0,0,0,0,0,0,0,0,0,0,0,0,0,0,0,0,12.4,10,44.9,16.4,345.8,5773.90,0,0,0,102.9
719,Tampa Bay Buccaneers,DST,TB,5,0,0,0,0,0,0,0,0,0,0,0,0,0,0,0,0,0,11.9,11,43,17.2,378.1,5691.90,0,0,0,101.9
720,Jacksonville Jaguars,DST,JAC,9,0,0,0,0,0,0,0,0,0,0,0,0,0,0,0,0,0,13.3,10.1,39.3,16.1,359,5708.60,0,0,0,100.4
721,New York Giants,DST,NYG,13,0,0,0,0,0,0,0,0,0,0,0,0,0,0,0,0,0,12.6,10.2,41.1,17.4,388.5,6019.60,0,0,0,100
722,Los Angeles Rams,DST,LAR,10,0,0,0,0,0,0,0,0,0,0,0,0,0,0,0,0,0,13.1,8.3,43.3,12.3,397.7,5884.00,0,0,0,99.9
723,Tennessee Titans,DST,TEN,7,0,0,0,0,0,0,0,0,0,0,0,0,0,0,0,0,0,13.8,8.5,41.4,12.7,355.5,5611.10,0,0,0,99.8
724,Cincinnati Bengals,DST,CIN,7,0,0,0,0,0,0,0,0,0,0,0,0,0,0,0,0,0,13.7,10,40,15.8,350.1,5770.40,0,0,0,99.8
725,Carolina Panthers,DST,CAR,7,0,0,0,0,0,0,0,0,0,0,0,0,0,0,0,0,0,12.3,9.7,40.7,13.1,369.2,5576.40,0,0,0,99.3
726,Denver Broncos,DST,DEN,9,0,0,0,0,0,0,0,0,0,0,0,0,0,0,0,0,0,14.1,8.9,41.3,15.1,369,5675.80,0,0,0,98.9
727,Atlanta Falcons,DST,ATL,11,0,0,0,0,0,0,0,0,0,0,0,0,0,0,0,0,0,14.2,9.9,34.7,16.2,378.6,5843.80,0,0,0,98
728,Arizona Cardinals,DST,ARI,14,0,0,0,0,0,0,0,0,0,0,0,0,0,0,0,0,0,11.9,10,41,15.6,412.9,5836.00,0,0,0,97.8
729,Chicago Bears,DST,CHI,13,0,0,0,0,0,0,0,0,0,0,0,0,0,0,0,0,0,12.7,9.5,35.9,14.6,401.7,6256.50,0,0,0,93.3
730,Las Vegas Raiders,DST,LV,13,0,0,0,0,0,0,0,0,0,0,0,0,0,0,0,0,0,10.6,9,36.6,13.8,419.1,6101.90,0,0,0,90.1